IncidentID,AgencyORI,AgencyName,IncidentStatusDesc,County,RdwyNumber,Street,RoadwayName,StreetSfx,StreetDir,IntersectionRdwy,IntersectionRdwyName,BetweenStRdwy1,BetweenStRdwyName1,BetweenStRdwy2,BetweenStRdwyName2,Latitude,Longitude,Milepoint,CollisionDate,CollisionTime,UnitsInvolved,MotorVehiclesInvolved,NumberKilled,NumberInjured,Weather,RdwyConditionCode,HitandRun,DirAnalysisCode,MannerofCollision,RdwyCharacter,LightCondition,RampFromRdwyId,RampToRdwyId,AcceptedDate,IsSecondaryCollision,OwnerBadge,IncidentStatus,InjurySeverityCde,KABCO Code,KABCO,Environmental_Factors,Human_Factors,Vehicular_Factors
27697481,0320000,ELLIOTT COUNTY SHERIFF DEPT.,Accepted,ELLIOTT,KY0504,,KY504,,,,,,,,,38.195248537,-83.106628802,9.473,44202,1305,1,1,0,0,CLOUDY,DRY,False,OTHER ROADWAY OR MID-BLOCK COLLISION,SINGLE VEHICLE,STRAIGHT & HILLCREST,DAYLIGHT,,,44217.806796875,False,SO1,Accepted,5,5,O,,,
27737242,0320000,ELLIOTT COUNTY SHERIFF DEPT.,Accepted,ELLIOTT,KY0706,,KY706,,S,,,,,,,38.027613266,-83.053143219,2.314,44211,1618,1,1,0,0,CLOUDY,WET,False,COLLISION WITH ANIMAL NON INTERSECTION,SINGLE VEHICLE,CURVE & HILLCREST,DAYLIGHT,,,44228.8637621528,False,SO1,Accepted,5,5,O,,,
27738706,KSP0800,"KY STATE POLICE, POST 08",Accepted,ELLIOTT,KY0007,,KY7,,,,,,,,,38.093649459,-83.124550953,7.643,44227,1252,2,2,0,0,CLOUDY,WET,False,SIDESWIPE COLLISION - SAME DIRECTION,SIDESWIPE-SAME DIRECTION,STRAIGHT & GRADE,DAYLIGHT,,,44229.4038752662,False,813,Accepted,5,5,O,SLIPPERY SURFACE,INATTENTION,
27785097,KSP0800,"KY STATE POLICE, POST 08",Accepted,ELLIOTT,KY0504,,KY504,,,,,,,,,38.182105353,-83.094267684,10.641,44240,1644,2,2,0,0,CLOUDY,WET,False,REAR END IN TRAFFIC LANES BOTH VEHICLES MOVING,REAR END,STRAIGHT & LEVEL,DAYLIGHT,,,44242.4775414699,False,813,Accepted,5,5,O,SLIPPERY SURFACE,INATTENTION,
27789296,KSP0800,"KY STATE POLICE, POST 08",Accepted,ELLIOTT,KY0032,,BROWN RIDGE,RD,,,,,,,,38.135524822,-83.102489746,8.267,44240,550,1,1,0,0,"SLEET, HAIL, FREEZING RAIN",ICE,False,COLLISION WITH FIXED OBJECT NON - INTERSECTION - FIRST EVENT COLLISION 09 - 32 EXCLUDING 16,SINGLE VEHICLE,CURVE & GRADE,DAWN,,,44244.4215978009,False,447,Accepted,5,5,O,SLIPPERY SURFACE,FAILED TO KEEP PROPER LANE,
27800260,KSP0800,"KY STATE POLICE, POST 08",Accepted,ELLIOTT,KY0032,,BROWN RIDGE,RD,,,,,,,,38.135524822,-83.102489746,8.267,44240,550,1,1,0,0,"SLEET, HAIL, FREEZING RAIN",ICE,False,COLLISION WITH FIXED OBJECT NON - INTERSECTION - FIRST EVENT COLLISION 09 - 32 EXCLUDING 16,SINGLE VEHICLE,CURVE & GRADE,DAWN,,,44248.4510812153,False,447,Accepted,5,5,O,SLIPPERY SURFACE,FAILED TO KEEP PROPER LANE,
27825938,0320000,ELLIOTT COUNTY SHERIFF DEPT.,Accepted,ELLIOTT,KY0007,516.0,KY7,,,,,,,,,38.084668485,-83.128872306,6.84,44216,1712,2,2,0,1,CLEAR,DRY,False,REAR END IN TRAFFIC LANES BOTH VEHICLES MOVING,REAR END,STRAIGHT & GRADE,DAYLIGHT,,,44255.0669375,False,SO-2,Accepted,5,4,C,,SICK,
27838504,KSP0800,"KY STATE POLICE, POST 08",Accepted,ELLIOTT,KY1555,,KY1555,,,,,,,,,38.222071362,-83.120485849,1.503,44252,930,2,2,0,2,CLEAR,DRY,False,REAR END IN TRAFFIC LANES BOTH VEHICLES MOVING,REAR END,STRAIGHT & LEVEL,DAYLIGHT,,,44258.4039078704,False,318,Accepted,5,3,B,,DISTRACTION,
27918931,0320000,ELLIOTT COUNTY SHERIFF DEPT.,Accepted,ELLIOTT,,,COURT,ST,,,,,,,,38.086069911,-83.12550809,0.034,44258,1537,2,2,0,0,CLEAR,DRY,False,1 VEHICLE PARKED POSITION (NOT PARKING LOT/DRIVEWAY),BACKING,STRAIGHT & GRADE,DAYLIGHT,,,44278.4059380787,False,SO1,Accepted,5,5,O,,MISJUDGE CLEARANCE,
27932466,0320000,ELLIOTT COUNTY SHERIFF DEPT.,Accepted,ELLIOTT,KY0032,,BROWN RIDGE,RD,,,,,,,,38.13891843,-83.105749799,,44278,745,2,2,0,0,CLEAR,DRY,False,VEHICLE BACKING NON INTERSECTION,BACKING,STRAIGHT & HILLCREST,DAYLIGHT,,,44281.4404640856,False,SO1,Accepted,5,5,O,,,
27932467,0320000,ELLIOTT COUNTY SHERIFF DEPT.,Accepted,ELLIOTT,KY0007,,KY7,,,,,,,,,38.091410842,-83.125492617,7.482,44280,1530,2,2,0,0,RAINING,WET,False,1 VEHICLE ENTERING/LEAVING ENTRANCE,ANGLE,STRAIGHT & LEVEL,DAYLIGHT,,,44281.4408011921,False,SO1,Accepted,5,5,O,,,
27986284,0320000,ELLIOTT COUNTY SHERIFF DEPT.,Accepted,ELLIOTT,KY0556,,RUIN,RD,N,,,,,,,38.086531331,-83.1259781,6.617,44293,1341,2,2,0,0,CLEAR,DRY,False,HEAD-ON COLLISION,HEAD ON,STRAIGHT & GRADE,DAYLIGHT,,,44294.4766443634,False,SO1,Accepted,5,5,O,,,
27994880,0320000,ELLIOTT COUNTY SHERIFF DEPT.,Accepted,ELLIOTT,KY0007,,KY7,,,,,,,,,38.087721267,-83.124190455,7.177,44296,1415,2,2,0,0,CLOUDY,WET,False,1 VEHICLE PARKED POSITION (NOT PARKING LOT/DRIVEWAY),SIDESWIPE-SAME DIRECTION,STRAIGHT & LEVEL,DAYLIGHT,,,44296.7895853819,False,SO1,Accepted,5,5,O,,,
28112565,0320000,ELLIOTT COUNTY SHERIFF DEPT.,Accepted,ELLIOTT,KY0556,,RUIN,RD,N,,,,,,,38.089808275,-83.129564013,6.313,44319,1530,1,1,0,2,RAINING,WET,False,OTHER ROADWAY OR MID-BLOCK COLLISION,SINGLE VEHICLE,CURVE & LEVEL,DAYLIGHT,,,44326.4467842593,False,SO1,Accepted,3,3,B,,,
28151604,KSP0800,"KY STATE POLICE, POST 08",Accepted,ELLIOTT,KY3353,,HORTON FLATS,RD,,,,,,,,38.18972781,-83.039311917,0.145,44334,1754,2,2,0,0,CLEAR,DRY,False,OTHER ROADWAY OR MID-BLOCK COLLISION,OPPOSING LEFT TURN,STRAIGHT & LEVEL,DAYLIGHT,,,44335.7731375347,False,813,Accepted,5,5,O,,INATTENTION,
28154673,0320000,ELLIOTT COUNTY SHERIFF DEPT.,Accepted,ELLIOTT,KY0007,,KY7,,,,,,,,,38.054264498,-83.216835807,0.975,44333,719,2,2,0,0,CLOUDY,WET,False,SIDESWIPE COLLISION - OPPOSITE DIRECTION,SIDESWIPE-OPPOSITE DIRECTION,STRAIGHT & HILLCREST,DAWN,,,44336.5590197917,False,SO1,Accepted,5,5,O,,,
28154674,0320000,ELLIOTT COUNTY SHERIFF DEPT.,Accepted,ELLIOTT,KY0032,,BROWN RIDGE,RD,,,,,,,,38.077317342,-83.095786331,10.714,44319,939,2,2,0,0,RAINING,WET,False,1 VEHICLE PARKED POSITION (NOT PARKING LOT/DRIVEWAY),HEAD ON,CURVE & LEVEL,DAYLIGHT,,,44336.5590635764,False,SO1,Accepted,5,5,O,,,
28154675,0320000,ELLIOTT COUNTY SHERIFF DEPT.,Accepted,ELLIOTT,KY0032,,BROWN RIDGE,RD,,,,,,,,38.137585823,-83.103630517,8.112,44310,1723,1,1,0,0,RAINING,WET,True,OTHER ROADWAY OR MID-BLOCK COLLISION,SINGLE VEHICLE,CURVE & HILLCREST,DAYLIGHT,,,44336.5591033565,False,SO1,Accepted,5,5,O,,,
28247295,0320000,ELLIOTT COUNTY SHERIFF DEPT.,Accepted,ELLIOTT,KY1620,1485.0,KY1620,,,,,,,,,38.232459291,-83.166640954,1.741,44335,52,1,1,0,0,CLOUDY,DRY,False,OTHER COLLISIONS ON SHOULDER,SINGLE VEHICLE,CURVE & LEVEL,DARK-HWY NOT LIGHTED,,,44359.9516010764,False,SO-2,Accepted,5,5,O,,INATTENTION,
28260734,KSP0800,"KY STATE POLICE, POST 08",Accepted,ELLIOTT,KY0032,,BROWN RIDGE,RD,,,,,,,,38.140542696,-83.113472424,7.439,44362,929,1,1,0,0,CLOUDY,DRY,False,COLLISION WITH FIXED OBJECT NON - INTERSECTION - FIRST EVENT COLLISION 09 - 32 EXCLUDING 16,SINGLE VEHICLE,CURVE & GRADE,DAYLIGHT,,,44363.3738975694,False,106,Accepted,5,5,O,,MISJUDGE CLEARANCE,
28304692,KSP0800,"KY STATE POLICE, POST 08",Accepted,ELLIOTT,KY0706,,KY706,,N,,,,,,,38.126824288,-83.058711744,11.616,44373,911,1,1,0,0,CLEAR,DRY,False,COLLISION WITH FIXED OBJECT NON - INTERSECTION - FIRST EVENT COLLISION 09 - 32 EXCLUDING 16,SINGLE VEHICLE,CURVE & LEVEL,DAYLIGHT,,,44375.3598354977,False,447,Accepted,5,5,O,,FELL ASLEEP,
28355952,0320000,ELLIOTT COUNTY SHERIFF DEPT.,Accepted,ELLIOTT,KY0173,,KY173,,,,,,,,,38.104503237,-83.221413608,3.749,44379,854,2,2,0,0,CLEAR,DRY,True,SIDESWIPE COLLISION - OPPOSITE DIRECTION,SIDESWIPE-OPPOSITE DIRECTION,STRAIGHT & LEVEL,DAYLIGHT,,,44388.8094154745,False,SO-2,Accepted,5,5,O,,,
28362667,KSP0800,"KY STATE POLICE, POST 08",Accepted,ELLIOTT,KY0007,,KY7,,,,,,,,,38.114269687,-83.107899662,9.546,44388,1402,1,1,0,0,CLEAR,DRY,False,COLLISION WITH ANIMAL NON INTERSECTION,SINGLE VEHICLE,CURVE & LEVEL,DAYLIGHT,,,44390.4222938657,False,318,Accepted,5,5,O,ANIMALS ACTION,,
28371111,0320000,ELLIOTT COUNTY SHERIFF DEPT.,Accepted,ELLIOTT,KY0032,,BROWN RIDGE,RD,,,,,,,,38.077075891,-83.095231371,10.752,44390,1550,2,2,0,0,RAINING,WET,False,SIDESWIPE COLLISION - OPPOSITE DIRECTION,SIDESWIPE-OPPOSITE DIRECTION,CURVE & LEVEL,DAYLIGHT,,,44392.4302595255,False,SO1,Accepted,5,5,O,,,
28458082,0320000,ELLIOTT COUNTY SHERIFF DEPT.,Accepted,ELLIOTT,,,THE LAUREL CURVES,,,,,,,,,38.115499495,-83.113933473,0.184,44400,953,1,1,0,0,CLEAR,DRY,False,COLLISION WITH FIXED OBJECT NON - INTERSECTION - FIRST EVENT COLLISION 09 - 32 EXCLUDING 16,SINGLE VEHICLE,CURVE & LEVEL,DARK-HWY NOT LIGHTED,,,44410.3748022801,False,SO-2,Accepted,5,5,O,ANIMALS ACTION,,
28458698,0320000,ELLIOTT COUNTY SHERIFF DEPT.,Accepted,ELLIOTT,KY0032,,BROWN RIDGE,RD,,,,,,,,38.140354669,-83.114239122,7.387,44363,1415,2,2,0,0,CLEAR,DRY,False,SIDESWIPE COLLISION - OPPOSITE DIRECTION,SIDESWIPE-OPPOSITE DIRECTION,CURVE & HILLCREST,DAYLIGHT,,,44410.4876096065,False,SO1,Accepted,5,5,O,,,
28459030,KSP0800,"KY STATE POLICE, POST 08",Accepted,ELLIOTT,KY0556,,RUIN,RD,N,,,,,,,38.104009527,-83.171581745,2.957,44409,115,1,1,0,0,CLOUDY,WET,False,RAN OFF ROADWAY (1 VEHICLE WITH/EARTH EMBANKMENT/DITCH),SINGLE VEHICLE,CURVE & LEVEL,DARK-HWY LIGHTED/OFF,,,44410.5776538194,False,813,Accepted,5,5,O,SLIPPERY SURFACE,,
28481479,KSP0800,"KY STATE POLICE, POST 08",Accepted,ELLIOTT,,,STEPHENS CEMETERY,RD,,,,,,,,38.079768566,-83.144007111,0.133,44414,1839,2,2,0,0,CLEAR,GRAVEL,False,1 VEHICLE PARKED POSITION (NOT PARKING LOT/DRIVEWAY),SIDESWIPE-SAME DIRECTION,STRAIGHT & LEVEL,DAYLIGHT,,,44416.4726617245,False,743,Accepted,5,5,O,,INATTENTION,
28554786,KSP0800,"KY STATE POLICE, POST 08",Accepted,ELLIOTT,KY0007,,KY7,,,,,,,,,38.119983705,-83.10647049,9.953,44426,1700,2,2,0,2,CLEAR,DRY,False,OTHER ROADWAY OR MID-BLOCK COLLISION,OPPOSING LEFT TURN,STRAIGHT & LEVEL,DAYLIGHT,,,44432.3825248495,False,614,Accepted,5,2,A,,ALCOHOL INVOLVEMENT,
28554787,KSP0800,"KY STATE POLICE, POST 08",Accepted,ELLIOTT,KY0007,,KY7,,,,,,,,,38.077079828,-83.145472836,5.685,44431,1949,2,2,0,0,CLEAR,DRY,False,OTHER ROADWAY OR MID-BLOCK COLLISION,OPPOSING LEFT TURN,CURVE & GRADE,DAYLIGHT,,,44432.3825872338,False,813,Accepted,5,5,O,,INATTENTION,
28606490,0320000,ELLIOTT COUNTY SHERIFF DEPT.,Accepted,ELLIOTT,KY0486,,LITTLE FORK,RD,,,,,,,,38.098821472,-82.972636847,5.862,44428,1902,2,2,0,0,CLEAR,DRY,False,VEHICLE BACKING NON INTERSECTION,BACKING,STRAIGHT & LEVEL,DAYLIGHT,,,44446.0659734143,False,SO-2,Accepted,5,5,O,,INATTENTION,
28627361,0320000,ELLIOTT COUNTY SHERIFF DEPT.,Accepted,ELLIOTT,KY0504,,KY504,,,,,,,,,38.195149244,-83.106595099,9.48,44445,1700,2,2,0,0,CLEAR,DRY,False,SIDESWIPE COLLISION - OPPOSITE DIRECTION,SIDESWIPE-OPPOSITE DIRECTION,STRAIGHT & HILLCREST,DAYLIGHT,,,44447.3620638542,False,SO1,Accepted,5,5,O,,,
28628076,KSP0800,"KY STATE POLICE, POST 08",Accepted,ELLIOTT,KY0007,,KY7,,,,,,,,,38.063975612,-83.171158872,3.764,44446,1230,2,2,0,0,CLEAR,DRY,False,SIDESWIPE COLLISION - SAME DIRECTION,SIDESWIPE-SAME DIRECTION,STRAIGHT & LEVEL,DAYLIGHT,,,44447.4532978819,False,614,Accepted,5,5,O,,INATTENTION,
28698719,0320000,ELLIOTT COUNTY SHERIFF DEPT.,Accepted,ELLIOTT,KY1208,,LEFT FORK MIDDLE FORK,RD,,,,,,,,38.037361355,-83.094587174,0.963,44434,1100,2,2,0,0,CLEAR,DRY,False,SIDESWIPE COLLISION - OPPOSITE DIRECTION,SIDESWIPE-OPPOSITE DIRECTION,STRAIGHT & LEVEL,DAYLIGHT,,,44463.1497428241,False,SO-2,Accepted,5,5,O,,MISJUDGE CLEARANCE,
28731152,0320000,ELLIOTT COUNTY SHERIFF DEPT.,Accepted,ELLIOTT,KY0504,,KY504,,,,,,,,,38.196090705,-83.107396245,9.4,44450,1920,2,2,0,3,CLEAR,DRY,False,OTHER ROADWAY OR MID-BLOCK COLLISION,OPPOSING LEFT TURN,STRAIGHT & GRADE,DUSK,,,44467.1923622685,False,SO-2,Accepted,5,2,A,,"INATTENTION, MISJUDGE CLEARANCE",
28792162,0320000,ELLIOTT COUNTY SHERIFF DEPT.,Accepted,ELLIOTT,KY0504,,KY504,,,,,,,,,38.195330661,-83.106682506,9.467,44450,2026,2,2,0,0,CLEAR,DRY,False,1 VEHICLE PARKED POSITION (NOT PARKING LOT/DRIVEWAY),HEAD ON,STRAIGHT & GRADE,DARK-HWY NOT LIGHTED,,,44473.763816088,False,SO-2,Accepted,5,5,O,,"DISREGARD TRAFFIC CONTROL, INATTENTION, NOT UNDER PROPER CONTROL",
28792295,0320000,ELLIOTT COUNTY SHERIFF DEPT.,Accepted,ELLIOTT,KY0032,,BROWN RIDGE,RD,,,,,,,,38.140767002,-83.117184633,7.072,44471,1600,1,1,0,0,CLEAR,DRY,False,OTHER COLLISIONS ON SHOULDER,SINGLE VEHICLE,CURVE & GRADE,DAYLIGHT,,,44473.8022545949,False,SO-2,Accepted,5,5,O,,INATTENTION,
28804896,0320000,ELLIOTT COUNTY SHERIFF DEPT.,Accepted,ELLIOTT,KY0557,,FANNIN,RD,,,,,,,,38.106541852,-83.119015556,2.721,44473,1544,2,2,0,0,CLEAR,DRY,False,SIDESWIPE COLLISION - SAME DIRECTION,SIDESWIPE-SAME DIRECTION,STRAIGHT & GRADE,DAYLIGHT,,,44476.7685762384,False,SO-2,Accepted,5,5,O,,INATTENTION,
28925552,0320000,ELLIOTT COUNTY SHERIFF DEPT.,Accepted,ELLIOTT,KY0486,,LITTLE FORK,RD,,,,,,,,38.061337808,-83.031871288,0.859,44381,1442,1,1,0,0,CLEAR,DRY,False,OTHER COLLISIONS ON SHOULDER,SINGLE VEHICLE,CURVE & GRADE,DAYLIGHT,,,44489.4504450231,False,SO1,Accepted,5,5,O,,,
28992041,0320000,ELLIOTT COUNTY SHERIFF DEPT.,Accepted,ELLIOTT,KY0173,,KY173,,,,,,,,,38.104638881,-83.228061658,4.231,44383,602,2,2,0,0,CLEAR,DRY,False,SIDESWIPE COLLISION - OPPOSITE DIRECTION,SIDESWIPE-OPPOSITE DIRECTION,CURVE & LEVEL,DAWN,,,44495.5847540162,False,SO1,Accepted,5,5,O,,,
28992045,0320000,ELLIOTT COUNTY SHERIFF DEPT.,Accepted,ELLIOTT,,,GRANVILLE MOORE,RD,,,,,,,,38.02972099,-83.123010698,0.365,44490,1520,1,1,0,0,CLEAR,DRY,False,OTHER COLLISIONS ON SHOULDER,SINGLE VEHICLE,STRAIGHT & LEVEL,DAYLIGHT,,,44495.5853914005,False,SO1,Accepted,5,5,O,,,
29313985,KSP0800,"KY STATE POLICE, POST 08",Accepted,ELLIOTT,KY0007,,KY7,,,,,,,,,38.068569083,-83.155280915,4.781,44505,912,2,2,0,1,CLEAR,DRY,False,OTHER COLLISIONS ON SHOULDER,SIDESWIPE-OPPOSITE DIRECTION,CURVE & LEVEL,DAYLIGHT,,,44515.5652238773,False,447,Accepted,2,2,A,GLARE (SUN),FAILED TO KEEP PROPER LANE,
29322241,0320000,ELLIOTT COUNTY SHERIFF DEPT.,Accepted,ELLIOTT,KY0032,,BROWN RIDGE,RD,,,,,,,,38.068368126,-83.076336113,12.417,44510,1350,1,1,0,0,CLEAR,DRY,False,OTHER ROADWAY OR MID-BLOCK COLLISION,SINGLE VEHICLE,CURVE & GRADE,DAYLIGHT,,,44517.4106034722,False,SO1,Accepted,5,5,O,,,
29360253,KSP0800,"KY STATE POLICE, POST 08",Accepted,ELLIOTT,,,CLAYTON SKAGGS,RD,,,,,,,,38.138284184,-83.103482225,0.037,44520,1218,2,2,0,0,CLEAR,DRY,False,HEAD-ON COLLISION,HEAD ON,CURVE & HILLCREST,DAYLIGHT,,,44528.4172564468,False,447,Accepted,5,5,O,,FAILED TO YIELD RIGHT OF WAY,
29418031,KSP0800,"KY STATE POLICE, POST 08",Accepted,ELLIOTT,KY0719,,MIDDLE FORK,RD,,,,,,,,38.052130246,-83.105228581,4.845,44539,1755,2,2,0,0,CLEAR,DRY,False,SIDESWIPE COLLISION - OPPOSITE DIRECTION,SIDESWIPE-OPPOSITE DIRECTION,STRAIGHT & LEVEL,DARK-HWY NOT LIGHTED,,,44543.4059845718,False,447,Accepted,5,5,O,,MISJUDGE CLEARANCE,
29474979,KSP0800,"KY STATE POLICE, POST 08",Accepted,ELLIOTT,KY0007,,KY7,,,,,,,,,38.048712533,-83.22595541,0.329,44539,1330,2,2,0,0,CLEAR,DRY,False,SIDESWIPE COLLISION - OPPOSITE DIRECTION,SIDESWIPE-OPPOSITE DIRECTION,STRAIGHT & LEVEL,DAYLIGHT,,,44547.3687052083,False,447,Accepted,5,5,O,,FAILED TO KEEP PROPER LANE,
29484700,KSP0800,"KY STATE POLICE, POST 08",Accepted,ELLIOTT,KY0409,,BRUIN,RD,,,,,,,,38.161819718,-83.022273493,0.973,44545,707,2,2,0,0,CLEAR,DRY,False,HEAD-ON COLLISION,HEAD ON,STRAIGHT & LEVEL,DAYLIGHT,,,44550.6032037384,False,318,Accepted,5,5,O,,INATTENTION,
29496031,0320000,ELLIOTT COUNTY SHERIFF DEPT.,Accepted,ELLIOTT,,20.0,HOWARDS CREEK,RD,,,,,,,,38.083414526,-83.122128921,0.041,44551,1643,1,1,0,0,CLEAR,DRY,False,RAN OFF ROADWAY (1 VEHICLE WITH/EARTH EMBANKMENT/DITCH),SINGLE VEHICLE,STRAIGHT & LEVEL,DAYLIGHT,,,44553.4799954051,False,SO-2,Accepted,5,5,O,,INATTENTION,
29609054,0320000,ELLIOTT COUNTY SHERIFF DEPT.,Accepted,ELLIOTT,KY0007,,KY7,,,,,,,,,38.082009143,-83.136946706,6.336,44567,1530,2,1,0,0,SNOWING,SNOW/SLUSH,False,SIDESWIPE COLLISION - SAME DIRECTION,SIDESWIPE-SAME DIRECTION,STRAIGHT & HILLCREST,DAYLIGHT,,,44582.1264049769,False,SO-3,Accepted,5,5,O,,TOO FAST FOR CONDITIONS,
29621713,0320000,ELLIOTT COUNTY SHERIFF DEPT.,Accepted,ELLIOTT,,,SALYERS BRANCH,RD,,,,,,,,38.117076036,-82.974262808,0.945,44550,700,2,1,0,0,RAINING,GRAVEL,False,1 VEHICLE PARKED POSITION (NOT PARKING LOT/DRIVEWAY),BACKING,STRAIGHT & LEVEL,DAWN,,,44586.1262601852,False,SO1,Accepted,5,5,O,,,
29710291,0320000,ELLIOTT COUNTY SHERIFF DEPT.,Accepted,ELLIOTT,KY0007,,KY7,,,,,,,,,38.116967843,-83.107082797,9.741,44567,2152,1,1,0,0,CLEAR,SNOW/SLUSH,False,COLLISION WITH FIXED OBJECT NON - INTERSECTION - FIRST EVENT COLLISION 09 - 32 EXCLUDING 16,SINGLE VEHICLE,STRAIGHT & LEVEL,DARK-HWY NOT LIGHTED,,,44609.1268925579,False,SO-2,Accepted,5,5,O,SLIPPERY SURFACE,,
29746644,0320000,ELLIOTT COUNTY SHERIFF DEPT.,Accepted,ELLIOTT,KY0007,,KY7,,,,,,,,,38.068563843,-83.155302006,4.779,44591,1000,1,1,0,0,CLEAR,DRY,False,COLLISION WITH FIXED OBJECT NON - INTERSECTION - FIRST EVENT COLLISION 09 - 32 EXCLUDING 16,SINGLE VEHICLE,STRAIGHT & LEVEL,DAYLIGHT,,,44618.1267228356,False,SO-3,Accepted,5,5,O,,,
29772496,0320000,ELLIOTT COUNTY SHERIFF DEPT.,Accepted,ELLIOTT,KY0007,,KY7,,,,,,,,,38.090304992,-83.125870339,7.403,44603,900,2,1,0,0,CLEAR,DRY,False,SIDESWIPE COLLISION - OPPOSITE DIRECTION,SIDESWIPE-OPPOSITE DIRECTION,STRAIGHT & LEVEL,DAYLIGHT,,,44624.1264173611,False,SO-3,Accepted,5,5,O,,OTHER,
29937321,KSP0800,"KY STATE POLICE, POST 08",Accepted,ELLIOTT,KY0409,,BRUIN,RD,,,,,,,,38.13116723,-83.023985328,3.278,44653,2210,1,1,0,0,CLOUDY,DRY,False,RAN OFF ROADWAY (1 VEHICLE WITH/EARTH EMBANKMENT/DITCH),SINGLE VEHICLE,CURVE & GRADE,DARK-HWY NOT LIGHTED,,,44665.4574919329,False,813,Accepted,5,5,O,,DISTRACTION,
29937330,KSP0800,"KY STATE POLICE, POST 08",Accepted,ELLIOTT,KY0032,,BROWN RIDGE,RD,,,,,,,,38.131226479,-83.098871007,8.625,44572,2128,2,2,0,0,RAINING,WET,False,COLLISION WITH ANIMAL NON INTERSECTION,REAR END,STRAIGHT & LEVEL,DARK-HWY NOT LIGHTED,,,44665.4578642361,False,318,Accepted,5,5,O,"SLIPPERY SURFACE, ANIMALS ACTION",NOT UNDER PROPER CONTROL,
29973343,0320000,ELLIOTT COUNTY SHERIFF DEPT.,Accepted,ELLIOTT,KY0007,,KY7,,,,,,,,,38.082446946,-83.138436288,6.255,44659,1408,2,1,0,1,CLEAR,WET,False,OTHER ROADWAY OR MID-BLOCK COLLISION,OPPOSING LEFT TURN,STRAIGHT & LEVEL,DAYLIGHT,,,44674.1268874653,False,SO-3,Accepted,4,4,C,,INATTENTION,
29980083,KSP0800,"KY STATE POLICE, POST 08",Accepted,ELLIOTT,KY0173,,KY173,,,,,,,,,38.109364372,-83.255463469,5.957,44674,1704,1,1,0,1,CLEAR,DRY,False,RAN OFF ROADWAY (1 VEHICLE WITH/EARTH EMBANKMENT/DITCH),SINGLE VEHICLE,CURVE & GRADE,DAYLIGHT,,,44676.3804258449,False,813,Accepted,5,4,C,,INATTENTION,
29984976,0320000,ELLIOTT COUNTY SHERIFF DEPT.,Accepted,ELLIOTT,KY0409,4966.0,BRUIN,RD,,,,,,,,38.129299528,-82.997289992,4.95,44637,530,2,2,0,0,CLEAR,DRY,False,1 VEHICLE PARKED POSITION (NOT PARKING LOT/DRIVEWAY),ANGLE,STRAIGHT & LEVEL,DARK-HWY NOT LIGHTED,,,44677.4471474537,False,SO-2,Accepted,5,5,O,,EMOTIONAL,
29997607,KSP0800,"KY STATE POLICE, POST 08",Accepted,ELLIOTT,KY1620,,KY1620,,,,,,,,,38.24246093,-83.17508759,2.696,44678,1352,1,1,0,0,CLEAR,DRY,False,RAN OFF ROADWAY (1 VEHICLE WITH/EARTH EMBANKMENT/DITCH),SINGLE VEHICLE,STRAIGHT & LEVEL,DAYLIGHT,,,44680.3594664352,False,614,Accepted,5,5,O,,DISTRACTION,
30017022,KSP0800,"KY STATE POLICE, POST 08",Accepted,ELLIOTT,KY0032,,BROWN RIDGE,RD,,,,,,,,38.083726036,-83.121364352,8.992,44681,1108,1,1,0,0,CLEAR,WET,False,RAN OFF ROADWAY (1 VEHICLE WITH/EARTH EMBANKMENT/DITCH),SINGLE VEHICLE,CURVE & LEVEL,DAYLIGHT,,,44685.474838044,False,447,Accepted,5,5,O,SLIPPERY SURFACE,,
30025668,KSP0800,"KY STATE POLICE, POST 08",Accepted,ELLIOTT,KY0007,,KY7,,,,,,,,,38.068364216,-83.155588434,4.757,44686,1754,2,2,0,0,CLEAR,DRY,False,SIDESWIPE COLLISION - OPPOSITE DIRECTION,SIDESWIPE-OPPOSITE DIRECTION,CURVE & GRADE,DAYLIGHT,,,44687.5318931713,False,1126,Accepted,5,5,O,,MISJUDGE CLEARANCE,
30067581,0320000,ELLIOTT COUNTY SHERIFF DEPT.,Accepted,ELLIOTT,KY0556,,RUIN,RD,N,,,,,,,38.103755133,-83.175478771,2.733,44686,1320,2,1,0,1,CLEAR,DRY,False,SIDESWIPE COLLISION - OPPOSITE DIRECTION,SIDESWIPE-OPPOSITE DIRECTION,CURVE & LEVEL,DAYLIGHT,,,44698.126934838,False,SO-3,Accepted,4,4,C,,INATTENTION,
30068842,KSP0800,"KY STATE POLICE, POST 08",Accepted,ELLIOTT,KY0706,,KY706,,N,,,,,,,38.0891045,-83.040841581,7.527,44697,1303,1,1,0,0,CLEAR,DRY,False,RAN OFF ROADWAY (1 VEHICLE WITH/EARTH EMBANKMENT/DITCH),SINGLE VEHICLE,CURVE & GRADE,DAYLIGHT,,,44698.4343848727,False,813,Accepted,5,5,O,,,"BRAKES DEFECTIVE, STEERING FAILURE"
30082548,KSP0800,"KY STATE POLICE, POST 08",Accepted,ELLIOTT,KY0706,,KY706,,N,,,,,,,38.0655163,-83.053599616,5.219,44389,1558,2,1,1,0,CLEAR,DRY,False,OCCUPANT FELL FROM MOVING VEHICLE,SINGLE VEHICLE,CURVE & LEVEL,DAYLIGHT,,,44701.5297635069,False,293,Accepted,5,1,K,,OTHER,
30091366,KSP0800,"KY STATE POLICE, POST 08",Accepted,ELLIOTT,,,HORTON FLATS,RD,,,,,,,,38.18591911,-83.043902758,0.223,44702,1439,1,1,0,0,CLEAR,DRY,False,RAN OFF ROADWAY (1 VEHICLE WITH/EARTH EMBANKMENT/DITCH),SINGLE VEHICLE,CURVE & GRADE,DAYLIGHT,,,44704.4275004977,False,813,Accepted,5,5,O,,INATTENTION,
30091367,KSP0800,"KY STATE POLICE, POST 08",Accepted,ELLIOTT,,,HORTON FLATS,RD,,,,,,,,38.183831141,-83.04812773,0.572,44702,1550,2,2,0,0,CLEAR,DRY,False,1 VEHICLE PARKED POSITION (NOT PARKING LOT/DRIVEWAY),REAR TO REAR,STRAIGHT & LEVEL,DAYLIGHT,,,44704.4275999653,False,813,Accepted,5,5,O,,INATTENTION,
30118277,0320000,ELLIOTT COUNTY SHERIFF DEPT.,Accepted,ELLIOTT,,,T SKAGGS,RD,,,,,,,,38.180210531,-83.132694952,0.486,44690,1630,2,1,0,0,CLEAR,DRY,False,SIDESWIPE COLLISION - OPPOSITE DIRECTION,SIDESWIPE-OPPOSITE DIRECTION,STRAIGHT & LEVEL,DAYLIGHT,,,44711.1268208681,False,SO-3,Accepted,5,5,O,,INATTENTION,
30133224,KSP0800,"KY STATE POLICE, POST 08",Accepted,ELLIOTT,KY0007,1916.0,KY7,,,,,,,,,38.10980646,-83.115128655,9.072,44696,2220,2,2,0,0,CLEAR,DRY,True,1 VEHICLE PARKED POSITION (NOT PARKING LOT/DRIVEWAY),BACKING,STRAIGHT & LEVEL,DARK (UNKNOWN ROADWAY LIGHTING),,,44714.3258482639,False,318,Accepted,5,5,O,,"IMPROPER BACKING, INATTENTION",
30200159,0320000,ELLIOTT COUNTY SHERIFF DEPT.,Accepted,ELLIOTT,,,LUTHER BOGGS,RD,,KY0007,KY7,,,,,38.12576625,-83.100012724,0.001,44720,1013,2,1,0,1,CLEAR,DRY,False,ANGLE COLLISION - OTHER,ANGLE,STRAIGHT & LEVEL,DAYLIGHT,,,44731.1274053588,False,SO-3,Accepted,5,2,A,,INATTENTION,
30200160,0320000,ELLIOTT COUNTY SHERIFF DEPT.,Accepted,ELLIOTT,KY1555,,KY1555,,,,,,,,,38.223256368,-83.13289316,0.658,44718,1726,1,1,0,0,CLEAR,DRY,False,RAN OFF ROADWAY (1 VEHICLE WITH/EARTH EMBANKMENT/DITCH),SINGLE VEHICLE,STRAIGHT & LEVEL,DAYLIGHT,,,44731.1274435185,False,SO-3,Accepted,5,5,O,,INATTENTION,
30200185,0320000,ELLIOTT COUNTY SHERIFF DEPT.,Accepted,ELLIOTT,,,FRALEY RIDGE,RD,,,WINKLE,,,,,38.08754388,-83.255636676,2.216,44718,1230,2,1,0,0,CLEAR,DRY,False,HEAD-ON COLLISION,HEAD ON,STRAIGHT & LEVEL,DAYLIGHT,,,44731.1278431366,False,SO-3,Accepted,5,5,O,,INATTENTION,
30225536,0320000,ELLIOTT COUNTY SHERIFF DEPT.,Accepted,ELLIOTT,KY0032,,BROWN RIDGE,RD,,,,,,,,38.082135127,-83.114413541,9.44,44725,946,2,1,0,0,CLOUDY,WET,False,SIDESWIPE COLLISION - OPPOSITE DIRECTION,SIDESWIPE-OPPOSITE DIRECTION,CURVE & LEVEL,DAYLIGHT,,,44737.1270062847,False,SO-3,Accepted,5,5,O,,INATTENTION,
30225545,0320000,ELLIOTT COUNTY SHERIFF DEPT.,Accepted,ELLIOTT,,,TURKEY BRANCH,RD,,,,,,,,38.066900967,-83.20928816,0.078,44721,1600,2,1,0,0,CLEAR,DRY,False,SIDESWIPE COLLISION - OPPOSITE DIRECTION,SIDESWIPE-OPPOSITE DIRECTION,STRAIGHT & LEVEL,DAYLIGHT,,,44737.1271862616,False,SO-3,Accepted,5,5,O,,MISJUDGE CLEARANCE,
30225547,0320000,ELLIOTT COUNTY SHERIFF DEPT.,Accepted,ELLIOTT,,676.0,BEARFLAT,RD,,,,,,,,38.175298505,-83.063542896,0.57,44721,500,2,1,0,0,CLEAR,DRY,False,1 VEHICLE PARKED POSITION (NOT PARKING LOT/DRIVEWAY),BACKING,STRAIGHT & LEVEL,DUSK,,,44737.1271979977,False,SO-3,Accepted,5,5,O,,INATTENTION,
30233187,KSP0800,"KY STATE POLICE, POST 08",Accepted,ELLIOTT,KY0504,,KY504,,,,,,,,,38.216164332,-83.15289095,5.824,44731,1720,1,1,0,0,CLEAR,DRY,False,RAN OFF ROADWAY (1 VEHICLE WITH/EARTH EMBANKMENT/DITCH),SINGLE VEHICLE,CURVE & LEVEL,DAYLIGHT,,,44739.5902353819,False,318,Accepted,5,5,O,,INATTENTION,
30245768,KSP0800,"KY STATE POLICE, POST 08",Accepted,ELLIOTT,KY0409,,BRUIN,RD,,,,,,,,38.131924989,-82.987210838,5.555,44734,1720,1,1,0,0,CLEAR,DRY,False,RAN OFF ROADWAY (1 VEHICLE WITH/EARTH EMBANKMENT/DITCH),SINGLE VEHICLE,CURVE & LEVEL,DAYLIGHT,,,44742.3593621528,False,447,Accepted,5,5,O,,,BRAKES DEFECTIVE
30258735,0320000,ELLIOTT COUNTY SHERIFF DEPT.,Accepted,ELLIOTT,KY0504,,KY504,,,,,,,,,38.175106908,-83.090590733,11.19,44735,1045,2,1,0,0,CLEAR,DRY,False,SIDESWIPE COLLISION - OPPOSITE DIRECTION,SIDESWIPE-OPPOSITE DIRECTION,CURVE & LEVEL,DAYLIGHT,,,44746.1268808218,False,SO-3,Accepted,5,5,O,,INATTENTION,
30339613,0320000,ELLIOTT COUNTY SHERIFF DEPT.,Accepted,ELLIOTT,KY0486,,LITTLE FORK,RD,,,FRALEY,,,,,38.133309111,-82.959607796,9.516,44754,1352,1,1,0,2,CLOUDY,WET,False,OTHER INTERSECTION COLLISIONS,SINGLE VEHICLE,CURVE & LEVEL,DAYLIGHT,,,44766.1281408565,False,SO-3,Accepted,4,4,C,,INATTENTION,
30365424,0320000,ELLIOTT COUNTY SHERIFF DEPT.,Accepted,ELLIOTT,,,GREEN BRANCH,RD,,,,,,,,38.104291549,-83.037896063,0.276,44760,1103,1,1,0,1,CLOUDY,WET,False,OTHER ROADWAY OR MID-BLOCK COLLISION,SINGLE VEHICLE,STRAIGHT & LEVEL,DAYLIGHT,,,44772.1269512731,False,SO-3,Accepted,5,4,C,,INATTENTION,
30397446,KSP0800,"KY STATE POLICE, POST 08",Accepted,ELLIOTT,KY0557,,FANNIN,RD,,,,,,,,38.112977595,-83.134721755,0.693,44779,1654,1,1,0,2,CLOUDY,WET,False,RAN OFF ROADWAY (1 VEHICLE WITH/EARTH EMBANKMENT/DITCH),SINGLE VEHICLE,CURVE & GRADE,DAYLIGHT,,,44780.4820231482,False,813,Accepted,4,4,C,SLIPPERY SURFACE,INATTENTION,
30399628,0320000,ELLIOTT COUNTY SHERIFF DEPT.,Accepted,ELLIOTT,KY0007,,KY7,,,,,,,,,38.082558587,-83.132922382,6.577,44768,850,1,1,0,0,CLOUDY,WET,False,COLLISION WITH FIXED OBJECT NON - INTERSECTION - FIRST EVENT COLLISION 09 - 32 EXCLUDING 16,SINGLE VEHICLE,CURVE & LEVEL,DAYLIGHT,,,44781.1265992708,False,SO-3,Accepted,5,5,O,SLIPPERY SURFACE,,
30488555,KSP0800,"KY STATE POLICE, POST 08",Accepted,ELLIOTT,KY0007,,KY7,,,,,,,,,38.068167399,-83.156871629,4.677,44779,1335,2,2,0,1,RAINING,WET,False,SIDESWIPE COLLISION - OPPOSITE DIRECTION,SIDESWIPE-OPPOSITE DIRECTION,CURVE & HILLCREST,DAYLIGHT,,,44801.4092424769,False,745,Accepted,5,4,C,SLIPPERY SURFACE,,
30532001,0320000,ELLIOTT COUNTY SHERIFF DEPT.,Accepted,ELLIOTT,KY0986,299.0,KY986,,,,,,,,,38.219064396,-83.091755256,0.627,44755,2,1,1,0,0,CLEAR,DRY,False,COLLISION WITH ANIMAL NON INTERSECTION,SINGLE VEHICLE,STRAIGHT & LEVEL,DARK-HWY NOT LIGHTED,,,44811.3984734144,False,SO-2,Accepted,5,5,O,ANIMALS ACTION,,
30532005,0320000,ELLIOTT COUNTY SHERIFF DEPT.,Accepted,ELLIOTT,KY0007,,KY7,,,,,,,,,38.084764504,-83.128492311,6.861,44792,1030,2,2,0,0,CLEAR,DRY,False,1 VEHICLE PARKED POSITION (NOT PARKING LOT/DRIVEWAY),BACKING,STRAIGHT & LEVEL,DAYLIGHT,,,44811.3987269676,False,SO1,Accepted,5,5,O,,,
30533087,KSP0800,"KY STATE POLICE, POST 08",Accepted,ELLIOTT,KY0007,,KY7,,,,,,,,,38.085367648,-83.127522847,6.928,44807,1345,2,2,0,0,CLEAR,DRY,False,1 VEHICLE PARKED POSITION (NOT PARKING LOT/DRIVEWAY),REAR END,STRAIGHT & LEVEL,DAYLIGHT,,,44811.5786495718,False,447,Accepted,5,5,O,,MISJUDGE CLEARANCE,
30556272,KSP0800,"KY STATE POLICE, POST 08",Accepted,ELLIOTT,,,LAKESIDE SCHOOL,RD,,,,,,,,38.134114542,-83.093295671,0.015,44816,1500,2,2,0,0,CLEAR,DRY,False,VEHICLE BACKING NON INTERSECTION,BACKING,STRAIGHT & LEVEL,DAYLIGHT,,,44817.4029388542,False,813,Accepted,5,5,O,,INATTENTION,
30585243,0320000,ELLIOTT COUNTY SHERIFF DEPT.,Accepted,ELLIOTT,KY0556,,RUIN,RD,N,,,,,,,38.106029092,-83.1425387,4.637,44810,1759,2,1,0,0,CLOUDY,WET,False,SIDESWIPE COLLISION - OPPOSITE DIRECTION,SIDESWIPE-OPPOSITE DIRECTION,CURVE & LEVEL,DAYLIGHT,,,44824.1269290857,False,SO-3,Accepted,5,5,O,,INATTENTION,
30607228,0320000,ELLIOTT COUNTY SHERIFF DEPT.,Accepted,ELLIOTT,KY0504,,KY504,,,,,,,,,38.195842294,-83.107123452,9.385,44812,1923,2,1,0,0,CLEAR,DRY,False,HEAD-ON COLLISION,HEAD ON,CURVE & LEVEL,DAYLIGHT,,,44829.1278430208,False,SO-3,Accepted,5,5,O,,INATTENTION,
30611797,KSP0800,"KY STATE POLICE, POST 08",Accepted,ELLIOTT,KY0007,,KY7,,,,,,,,,38.16935723,-83.033931296,15.684,44817,2015,1,1,0,0,CLEAR,DRY,False,COLLISION WITH ANIMAL NON INTERSECTION,SINGLE VEHICLE,STRAIGHT & GRADE,DARK-HWY NOT LIGHTED,,,44830.4242971412,False,318,Accepted,5,5,O,ANIMALS ACTION,,
30622479,KSP0800,"KY STATE POLICE, POST 08",Accepted,ELLIOTT,KY0007,,KY7,,,,,,,,,38.087767762,-83.124250058,7.182,44831,1126,2,2,0,1,CLEAR,DRY,False,OTHER ROADWAY OR MID-BLOCK COLLISION,OPPOSING LEFT TURN,STRAIGHT & LEVEL,DAYLIGHT,,,44832.6247873495,False,813,Accepted,5,4,C,,INATTENTION,
30665398,0320000,ELLIOTT COUNTY SHERIFF DEPT.,Accepted,ELLIOTT,KY0007,,KY7,,,,,,,,,38.093314824,-83.124606643,7.622,44825,1559,2,1,0,0,CLEAR,DRY,False,REAR END IN TRAFFIC LANES BOTH VEHICLES MOVING,REAR END,STRAIGHT & LEVEL,DAYLIGHT,,,44843.1274506944,False,SO-3,Accepted,5,5,O,,INATTENTION,
30698116,KSP0800,"KY STATE POLICE, POST 08",Accepted,ELLIOTT,KY0007,,KY7,,,,,,,,,38.183102927,-83.023085872,16.839,44850,23,1,1,0,0,CLEAR,DRY,False,RAN OFF ROADWAY (1 VEHICLE WITH/EARTH EMBANKMENT/DITCH),SINGLE VEHICLE,CURVE & GRADE,DARK-HWY NOT LIGHTED,,,44851.3819195255,False,813,Accepted,5,5,O,,EXCEEDED STATED SPEED LIMIT,
30698964,KSP0800,"KY STATE POLICE, POST 08",Accepted,ELLIOTT,KY0032,,BROWN RIDGE,RD,,,,,,,,38.08375232,-83.12142778,8.988,44848,1705,1,1,0,1,CLEAR,DRY,False,RAN OFF ROADWAY (1 VEHICLE WITH/EARTH EMBANKMENT/DITCH),SINGLE VEHICLE,CURVE & GRADE,DAYLIGHT,,,44851.4958640856,False,447,Accepted,3,3,B,,"CELL PHONE, FAILED TO KEEP PROPER LANE, INATTENTION",
30755970,KSP0800,"KY STATE POLICE, POST 08",Accepted,ELLIOTT,KY0007,,KY7,,,,,,,,,38.133047219,-83.097555839,11.048,44863,1822,1,1,0,1,CLEAR,DRY,False,RAN OFF ROADWAY (1 VEHICLE WITH/EARTH EMBANKMENT/DITCH),SINGLE VEHICLE,CURVE & LEVEL,DAYLIGHT,,,44865.3809913194,False,813,Accepted,5,2,A,,"FAILED TO KEEP PROPER LANE, INATTENTION, TOO FAST FOR CONDITIONS",
30826096,0320000,ELLIOTT COUNTY SHERIFF DEPT.,Accepted,ELLIOTT,KY0032,,BROWN RIDGE,RD,,,,,,,,38.076827438,-83.095073318,10.77,44869,729,1,1,0,0,CLEAR,DRY,False,RAN OFF ROADWAY (1 VEHICLE WITH/EARTH EMBANKMENT/DITCH),SINGLE VEHICLE,CURVE & LEVEL,DAYLIGHT,,,44882.1269089931,False,SO-3,Accepted,5,5,O,,INATTENTION,
30880944,KSP0800,"KY STATE POLICE, POST 08",Accepted,ELLIOTT,KY0986,,KY986,,,,,,,,,38.21699077,-83.087333604,1.088,44893,2254,1,1,0,3,CLEAR,DRY,False,RAN OFF ROADWAY (1 VEHICLE WITH/EARTH EMBANKMENT/DITCH),SINGLE VEHICLE,STRAIGHT & GRADE,DARK-HWY NOT LIGHTED,,,44896.3736190625,False,813,Accepted,5,2,A,,OVERCORRECTING/OVERSTEERING,
31096658,0320000,ELLIOTT COUNTY SHERIFF DEPT.,Accepted,ELLIOTT,KY0504,,KY504,,,KY0649,SKAGGS FLAT,,,,,38.170809291,-83.089992552,11.488,44928,1742,2,1,0,1,CLEAR,DRY,False,ANGLE COLLISION - OTHER,ANGLE,STRAIGHT & HILLCREST,DARK-HWY LIGHTED/OFF,,,44941.1280907407,False,SO-3,Accepted,4,4,C,,INATTENTION,
31101391,KSP0800,"KY STATE POLICE, POST 08",Accepted,ELLIOTT,,,THE LAUREL CURVES,,,,,,,,,38.11597453,-83.113567155,0.233,44940,1740,1,1,0,1,CLEAR,DRY,False,RAN OFF ROADWAY (1 VEHICLE WITH/EARTH EMBANKMENT/DITCH),SINGLE VEHICLE,CURVE & LEVEL,DARK-HWY NOT LIGHTED,,,44942.461934375,False,813,Accepted,5,2,A,,"FAILED TO KEEP PROPER LANE, INATTENTION",
31131296,0320000,ELLIOTT COUNTY SHERIFF DEPT.,Accepted,ELLIOTT,KY0504,,KY504,,,KY0649,SKAGGS FLAT,,,,,38.170830146,-83.090019333,11.489,44929,1746,2,1,0,0,CLEAR,DRY,False,ANGLE COLLISION - OTHER,ANGLE,STRAIGHT & HILLCREST,DARK-HWY LIGHTED/OFF,,,44949.1276175579,False,SO-3,Accepted,5,5,O,,INATTENTION,
31131312,0320000,ELLIOTT COUNTY SHERIFF DEPT.,Accepted,ELLIOTT,,,CRESTVIEW,DR,,,,,,,,38.094483389,-83.125727117,0.087,44918,1652,2,1,0,0,CLEAR,DRY,False,1 VEHICLE PARKED POSITION (NOT PARKING LOT/DRIVEWAY),REAR END,STRAIGHT & LEVEL,DAYLIGHT,,,44949.1280146644,False,SO-3,Accepted,5,5,O,,INATTENTION,
31144602,KSP0800,"KY STATE POLICE, POST 08",Accepted,ELLIOTT,KY0007,,KY7,,,,,,,,,38.089587415,-83.126077336,7.352,44950,755,2,2,0,0,CLEAR,DRY,False,SIDESWIPE COLLISION - SAME DIRECTION,SIDESWIPE-SAME DIRECTION,CURVE & GRADE,DAYLIGHT,,,44951.6411966088,False,813,Accepted,5,5,O,,INATTENTION,
31162275,0320000,ELLIOTT COUNTY SHERIFF DEPT.,Accepted,ELLIOTT,KY0032,,BROWN RIDGE,RD,,,,,,,,38.040008565,-83.006377576,17.581,44814,1841,1,1,0,0,CLOUDY,WET,False,OTHER ROADWAY OR MID-BLOCK COLLISION,SINGLE VEHICLE,CURVE & GRADE,DAYLIGHT,,,44956.1268020486,False,SO1,Accepted,5,5,O,OTHER,DISTRACTION,
31278145,0320000,ELLIOTT COUNTY SHERIFF DEPT.,Accepted,ELLIOTT,KY0007,,KY7,,,,,,,,,38.059930968,-83.203001773,1.921,44966,1633,2,1,0,0,CLEAR,DRY,False,SIDESWIPE COLLISION - SAME DIRECTION,SIDESWIPE-SAME DIRECTION,STRAIGHT & LEVEL,DAYLIGHT,,,44981.1269185995,False,SO-3,Accepted,5,5,O,,"ALCOHOL INVOLVEMENT, DRUG INVOLVEMENT",
31279539,KSP0800,"KY STATE POLICE, POST 08",Accepted,ELLIOTT,KY0007,,KY7,,,,,,,,,38.061853197,-83.196555733,2.305,44756,2147,2,2,1,0,CLEAR,DRY,False,HEAD-ON COLLISION,HEAD ON,STRAIGHT & LEVEL,DARK-HWY NOT LIGHTED,,,44981.4199725347,False,989,Accepted,5,1,K,,"ALCOHOL INVOLVEMENT, FAILED TO KEEP PROPER LANE, NOT UNDER PROPER CONTROL",
31332331,KSP0800,"KY STATE POLICE, POST 08",Accepted,ELLIOTT,KY0173,,KY173,,,,,,,,,38.105798741,-83.226760598,4.119,44991,2135,1,1,0,0,CLEAR,DRY,False,RAN OFF ROADWAY (1 VEHICLE WITH/EARTH EMBANKMENT/DITCH),SINGLE VEHICLE,CURVE & LEVEL,DARK-HWY NOT LIGHTED,,,44993.5169147338,False,318,Accepted,5,5,O,,INATTENTION,
31433664,0320000,ELLIOTT COUNTY SHERIFF DEPT.,Accepted,ELLIOTT,,,SAWMILL,RD,,,,,,,,38.094449414,-83.204207201,0.236,45002,1730,1,1,0,0,CLOUDY,WET,False,COLLISION WITH FIXED OBJECT NON - INTERSECTION - FIRST EVENT COLLISION 09 - 32 EXCLUDING 16,SINGLE VEHICLE,CURVE & HILLCREST,DAYLIGHT,,,45016.1298640856,False,SO1,Accepted,5,5,O,,,
31470538,0320000,ELLIOTT COUNTY SHERIFF DEPT.,Accepted,ELLIOTT,KY0706,,KY706,,N,,,,,,,38.145110733,-83.065993285,13.233,45013,705,2,1,0,0,CLEAR,DRY,False,SIDESWIPE COLLISION - OPPOSITE DIRECTION,SIDESWIPE-OPPOSITE DIRECTION,STRAIGHT & HILLCREST,DARK-HWY NOT LIGHTED,,,45025.1291816782,False,SO1,Accepted,5,5,O,,,
31470556,0320000,ELLIOTT COUNTY SHERIFF DEPT.,Accepted,ELLIOTT,KY0504,,KY504,,,,,,,,,38.211711333,-83.161374088,5.169,45012,1830,1,1,0,0,CLEAR,DRY,False,OTHER COLLISIONS ON SHOULDER,SINGLE VEHICLE,CURVE & LEVEL,DAYLIGHT,,,45025.1294627315,False,SO1,Accepted,5,5,O,,,
31476043,KSP0800,"KY STATE POLICE, POST 08",Accepted,ELLIOTT,KY0504,,KY504,,,,,,,,,38.19882743,-83.232391576,0.01,45024,1000,1,1,0,0,CLEAR,DRY,False,COLLISION WITH ANIMAL NON INTERSECTION,SINGLE VEHICLE,STRAIGHT & LEVEL,DARK-HWY LIGHTED/OFF,,,45026.5124830671,False,648,Accepted,5,5,O,ANIMALS ACTION,,
31501651,0320000,ELLIOTT COUNTY SHERIFF DEPT.,Accepted,ELLIOTT,KY0007,,KY7,,,,,,,,,38.100327056,-83.117948765,8.278,45016,1530,2,1,0,0,CLEAR,DRY,False,REAR END IN TRAFFIC LANES BOTH VEHICLES MOVING,REAR END,STRAIGHT & LEVEL,DAYLIGHT,,,45032.1272228009,False,SO-3,Accepted,5,5,O,,FOLLOWING TOO CLOSE,
31598500,KSP0800,"KY STATE POLICE, POST 08",Accepted,ELLIOTT,KY0032,,BROWN RIDGE,RD,,,,,,,,38.140134456,-83.116893551,7.125,45052,939,1,1,0,0,CLEAR,DRY,False,OTHER COLLISIONS ON SHOULDER,SINGLE VEHICLE,CURVE & GRADE,DAYLIGHT,,,45054.3959223032,False,279,Accepted,5,5,O,,INATTENTION,
31630158,KSP0800,"KY STATE POLICE, POST 08",Accepted,ELLIOTT,KY0032,,BROWN RIDGE,RD,,,,,,,,38.065099221,-83.067641075,13.231,45058,1631,1,1,0,1,RAINING,WET,False,OTHER ROADWAY OR MID-BLOCK COLLISION,SINGLE VEHICLE,CURVE & HILLCREST,DAYLIGHT,,,45061.4187730324,False,745,Accepted,3,3,B,SHOULDERS DEFECTIVE/DROP-OFF,INATTENTION,
31711793,0320000,ELLIOTT COUNTY SHERIFF DEPT.,Accepted,ELLIOTT,KY0007,,KY7,,,,LAKESIDE SCHOOL,,,,,38.13430941,-83.093194984,11.314,45063,930,2,1,1,0,CLEAR,DRY,False,OTHER INTERSECTION COLLISIONS,REAR END,STRAIGHT & LEVEL,DAYLIGHT,,,45079.1273567477,False,SO-3,Accepted,1,1,K,,INATTENTION,
31729881,KSP0800,"KY STATE POLICE, POST 08",Accepted,ELLIOTT,,589.0,A WINKLEMAN,RD,,,,,,,,38.086143773,-83.156647757,0.725,45075,1810,1,1,0,0,CLEAR,DRY,False,OTHER ROADWAY OR MID-BLOCK COLLISION,SINGLE VEHICLE,STRAIGHT & LEVEL,DAYLIGHT,,,45083.5161601505,False,318,Accepted,5,5,O,ANIMALS ACTION,OVERCORRECTING/OVERSTEERING,
31809997,0320000,ELLIOTT COUNTY SHERIFF DEPT.,Accepted,ELLIOTT,KY0032,,BROWN RIDGE,RD,,,,,,,,38.159337973,-83.208643336,0.6,45089,1845,2,1,0,0,CLEAR,DRY,False,SIDESWIPE COLLISION - OPPOSITE DIRECTION,SIDESWIPE-OPPOSITE DIRECTION,CURVE & GRADE,DAYLIGHT,,,45102.1281840278,False,SO1,Accepted,5,5,O,,,
31898068,0320000,ELLIOTT COUNTY SHERIFF DEPT.,Accepted,ELLIOTT,KY0007,,KY7,,,KY0650,WELLS CREEK,,,,,38.068161423,-83.156663981,4.685,45104,1532,1,1,0,0,CLEAR,DRY,False,OTHER INTERSECTION COLLISIONS,SINGLE VEHICLE,CURVE & LEVEL,DAYLIGHT,,,45123.1276353009,False,SO-3,Accepted,5,5,O,,,
31918169,KSP0800,"KY STATE POLICE, POST 08",Accepted,ELLIOTT,KY0173,,KY173,,,,,,,,,38.104897605,-83.227406912,4.197,45125,1728,1,1,0,0,RAINING,WET,False,COLLISION WITH FIXED OBJECT NON - INTERSECTION - FIRST EVENT COLLISION 09 - 32 EXCLUDING 16,SINGLE VEHICLE,CURVE & LEVEL,DAYLIGHT,,,45127.596824456,False,318,Accepted,5,5,O,SLIPPERY SURFACE,NOT UNDER PROPER CONTROL,
32013984,KSP0800,"KY STATE POLICE, POST 08",Accepted,ELLIOTT,KY0556,556.0,RUIN,RD,N,,,,,,,38.105447988,-83.168347829,3.159,45103,1325,2,2,0,1,CLEAR,DRY,False,OTHER ROADWAY OR MID-BLOCK COLLISION,OPPOSING LEFT TURN,STRAIGHT & GRADE,DAYLIGHT,,,45145.6269969907,False,648,Accepted,5,2,A,,INATTENTION,
32013987,KSP0800,"KY STATE POLICE, POST 08",Accepted,ELLIOTT,KY0007,7.0,KY7,,S,,,,,,,38.077780855,-83.144101493,5.785,45109,2330,1,1,0,0,RAINING,WET,False,OTHER COLLISIONS ON SHOULDER,SINGLE VEHICLE,CURVE & LEVEL,DARK-HWY LIGHTED/OFF,,,45145.6274064005,False,648,Accepted,5,5,O,"SLIPPERY SURFACE, WATER POOLING",NOT UNDER PROPER CONTROL,
32064829,0320000,ELLIOTT COUNTY SHERIFF DEPT.,Accepted,ELLIOTT,KY0032,,BROWN RIDGE,RD,,,,,,,,38.076871509,-83.095067407,10.769,45145,1705,1,1,0,0,CLOUDY,WET,False,OTHER ROADWAY OR MID-BLOCK COLLISION,SINGLE VEHICLE,CURVE & LEVEL,DAYLIGHT,,,45157.1271754282,False,SO1,Accepted,5,5,O,SLIPPERY SURFACE,,
32190230,KSP0800,"KY STATE POLICE, POST 08",Accepted,ELLIOTT,KY0173,,KY173,,,,,,,,,38.106272957,-83.226223196,4.071,45176,1748,2,2,0,0,CLEAR,DRY,False,SIDESWIPE COLLISION - OPPOSITE DIRECTION,SIDESWIPE-OPPOSITE DIRECTION,CURVE & GRADE,DAYLIGHT,,,45183.4536559375,False,745,Accepted,5,5,O,,INATTENTION,
32203114,0320000,ELLIOTT COUNTY SHERIFF DEPT.,Accepted,ELLIOTT,KY0032,,BROWN RIDGE,RD,,,,,,,,38.076973925,-83.095101104,10.762,45141,1234,1,1,0,1,CLOUDY,WET,False,RAN OFF ROADWAY (1 VEHICLE WITH/EARTH EMBANKMENT/DITCH),SINGLE VEHICLE,CURVE & LEVEL,DAYLIGHT,,,45187.1272298611,False,SO-3,Accepted,4,4,C,SLIPPERY SURFACE,,
32220852,KSP0800,"KY STATE POLICE, POST 08",Accepted,ELLIOTT,KY0032,,BROWN RIDGE,RD,,,,,,,,38.139412084,-83.109404209,7.735,45189,1623,1,1,0,0,CLEAR,DRY,False,OTHER COLLISIONS ON SHOULDER,SINGLE VEHICLE,STRAIGHT & GRADE,DAYLIGHT,,,45190.4670254977,False,745,Accepted,5,5,O,,,
32224741,KSP0800,"KY STATE POLICE, POST 08",Accepted,ELLIOTT,KY0556,,RUIN,RD,N,,,,,,,38.107672241,-83.154034721,3.967,45190,2030,1,1,0,0,CLEAR,DRY,False,OTHER ROADWAY OR MID-BLOCK COLLISION,SINGLE VEHICLE,STRAIGHT & GRADE,DARK (UNKNOWN ROADWAY LIGHTING),,,45191.308444294,False,745,Accepted,5,5,O,ANIMALS ACTION,,
32231962,0320000,ELLIOTT COUNTY SHERIFF DEPT.,Accepted,ELLIOTT,KY0007,,KY7,,,,,,,,,38.093388691,-83.124601409,7.626,45110,1420,2,1,0,2,CLEAR,DRY,False,COLLISION WITH PEDESTRIAN NON - INTERSECTION,SINGLE VEHICLE,STRAIGHT & LEVEL,DAYLIGHT,,,45193.1288125,False,SO-3,Accepted,2,2,A,,,
32231966,0320000,ELLIOTT COUNTY SHERIFF DEPT.,Accepted,ELLIOTT,KY0032,,BROWN RIDGE,RD,,,,,,,,38.159321099,-83.210608262,0.473,45154,1523,2,1,0,0,CLEAR,DRY,False,SIDESWIPE COLLISION - OPPOSITE DIRECTION,SIDESWIPE-OPPOSITE DIRECTION,STRAIGHT & LEVEL,DAWN,,,45193.1289443634,False,SO-3,Accepted,5,5,O,,INATTENTION,
32286942,KSP0800,"KY STATE POLICE, POST 08",Accepted,ELLIOTT,KY0007,,KY7,,,,,,,,,38.140260138,-83.075313908,12.421,45201,1816,2,2,0,0,CLEAR,DRY,False,COLLISION WITH FIXED OBJECT NON - INTERSECTION - FIRST EVENT COLLISION 09 - 32 EXCLUDING 16,ANGLE,STRAIGHT & LEVEL,DAYLIGHT,,,45203.3217642708,False,447,Accepted,5,5,O,GLARE (SUN),TURNING IMPROPERLY,
32336035,KSP0800,"KY STATE POLICE, POST 08",Accepted,ELLIOTT,KY0173,5955.0,KY173,,,,,,,,,38.110046375,-83.236146124,4.831,45213,1659,2,2,0,0,RAINING,WET,False,HEAD-ON COLLISION,HEAD ON,CURVE & LEVEL,DAYLIGHT,,,45215.4419674421,False,648,Accepted,5,5,O,SLIPPERY SURFACE,TOO FAST FOR CONDITIONS,
32392514,KSP0800,"KY STATE POLICE, POST 08",Accepted,ELLIOTT,KY0007,,KY7,,,,,,,,,38.068764087,-83.155057798,4.8,45226,2057,1,1,0,0,CLOUDY,WET,False,COLLISION WITH ANIMAL NON INTERSECTION,SINGLE VEHICLE,CURVE & GRADE,DARK-HWY NOT LIGHTED,,,45229.4230461458,False,745,Accepted,5,5,O,ANIMALS ACTION,,
32396909,KSP0800,"KY STATE POLICE, POST 08",Accepted,ELLIOTT,KY0409,,BRUIN,RD,,,,,,,,38.144990397,-83.028018361,2.225,45228,1851,1,1,0,2,RAINING,WET,False,RAN OFF ROADWAY (1 VEHICLE WITH/EARTH EMBANKMENT/DITCH),SINGLE VEHICLE,CURVE & GRADE,DARK-HWY NOT LIGHTED,,,45230.380366169,False,447,Accepted,5,2,A,WATER POOLING,FAILED TO KEEP PROPER LANE,
32471838,KSP0800,"KY STATE POLICE, POST 08",Accepted,ELLIOTT,,,OLD KY 7,,,,,,,,,38.135313273,-83.082658073,0.36,45246,1345,1,1,0,0,CLEAR,DRY,False,COLLISION WITH FIXED OBJECT NON - INTERSECTION - FIRST EVENT COLLISION 09 - 32 EXCLUDING 16,SINGLE VEHICLE,STRAIGHT & LEVEL,DAYLIGHT,,,45247.3996460648,False,827,Accepted,5,5,O,,INATTENTION,
32508617,KSP0800,"KY STATE POLICE, POST 08",Accepted,ELLIOTT,KY0504,6794.0,KY504,,,,,,,,,38.205256198,-83.122237054,8.246,45254,2039,1,1,0,0,CLEAR,DRY,False,OTHER COLLISIONS ON SHOULDER,SINGLE VEHICLE,CURVE & LEVEL,DARK-HWY LIGHTED/OFF,,,45257.4525833681,False,648,Accepted,5,5,O,,,
32538568,KSP0800,"KY STATE POLICE, POST 08",Accepted,ELLIOTT,,,UPPER MANOR,ST,,,,,,,,38.090767733,-83.121896839,0.065,45262,1140,2,2,0,0,CLOUDY,DRY,False,1 VEHICLE PARKED POSITION (NOT PARKING LOT/DRIVEWAY),HEAD ON,STRAIGHT & LEVEL,DAYLIGHT,,,45264.4178248032,False,827,Accepted,5,5,O,,"CELL PHONE, INATTENTION",
32572351,0320000,ELLIOTT COUNTY SHERIFF DEPT.,Accepted,ELLIOTT,KY0007,,KY7,,,,,,,,,38.077340218,-83.14474529,5.732,45259,715,2,1,0,2,CLEAR,DRY,False,HEAD-ON COLLISION,HEAD ON,CURVE & LEVEL,DAYLIGHT,,,45272.1286144676,False,SO-3,Accepted,2,2,A,,FELL ASLEEP,
32572361,0320000,ELLIOTT COUNTY SHERIFF DEPT.,Accepted,ELLIOTT,KY0007,331.0,KY7,,,,,,,,,38.085346471,-83.127644354,6.922,45243,1300,1,1,0,0,CLEAR,DRY,False,COLLISION WITH FIXED OBJECT NON - INTERSECTION - FIRST EVENT COLLISION 09 - 32 EXCLUDING 16,SINGLE VEHICLE,STRAIGHT & LEVEL,DAYLIGHT,,,45272.1289295486,False,SO-3,Accepted,5,5,O,,INATTENTION,
32672385,KSP0800,"KY STATE POLICE, POST 08",Accepted,ELLIOTT,,,MIDDLE FORK,RD,,,,,,,,38.116806994,-83.101501197,3.559,45290,1135,2,2,0,0,CLOUDY,WET,False,SIDESWIPE COLLISION - OPPOSITE DIRECTION,SIDESWIPE-OPPOSITE DIRECTION,CURVE & GRADE,DAYLIGHT,,,45293.566612581,False,827,Accepted,5,5,O,SHOULDERS DEFECTIVE/DROP-OFF,INATTENTION,
32730027,0320000,ELLIOTT COUNTY SHERIFF DEPT.,Accepted,ELLIOTT,KY0007,,KY7,,,,,,,,,38.096225523,-83.122944477,7.833,45295,830,2,1,0,0,CLEAR,DRY,False,OTHER ROADWAY OR MID-BLOCK COLLISION,REAR END,CURVE & LEVEL,DAYLIGHT,,,45307.1294377315,False,SO-3,Accepted,5,5,O,,INATTENTION,
32734949,KSP0800,"KY STATE POLICE, POST 08",Accepted,ELLIOTT,KY0702,,NEAL HOWARDS CREEK,RD,,,,,,,,38.045502884,-83.197045794,1.32,45303,1820,1,1,0,1,RAINING,WET,False,COLLISION WITH FIXED OBJECT NON - INTERSECTION - FIRST EVENT COLLISION 09 - 32 EXCLUDING 16,SINGLE VEHICLE,CURVE & LEVEL,DARK-HWY NOT LIGHTED,,,45308.498546875,False,467,Accepted,5,3,B,ANIMALS ACTION,,
32861921,0320000,ELLIOTT COUNTY SHERIFF DEPT.,Accepted,ELLIOTT,KY0504,,KY504,,,,,,,,,38.140535062,-83.075186256,13.906,45322,1801,2,1,0,1,CLEAR,DRY,False,SIDESWIPE COLLISION - SAME DIRECTION,SIDESWIPE-SAME DIRECTION,STRAIGHT & GRADE,DARK-HWY NOT LIGHTED,,,45338.1277883912,False,SO1,Accepted,5,2,A,,"DISREGARD TRAFFIC CONTROL, FAILED TO YIELD RIGHT OF WAY, INATTENTION",
32877739,KSP0800,"KY STATE POLICE, POST 08",Accepted,ELLIOTT,KY0649,,STARK RIDGE,RD,,,,,,,,38.175421147,-83.156179421,3.666,45341,806,2,2,0,0,CLEAR,DRY,False,HEAD-ON COLLISION,HEAD ON,CURVE & HILLCREST,DAYLIGHT,,,45342.3138881134,False,467,Accepted,5,5,O,"VIEW OBSTRUCTED/LIMITED DUE TO RDWY, GLARE (SUN)",,
32926766,0320000,ELLIOTT COUNTY SHERIFF DEPT.,Accepted,ELLIOTT,,,ISON CREEK,RD,,,,,,,,38.123644498,-83.00190595,0.272,45342,747,2,1,0,0,CLEAR,DRY,False,HEAD-ON COLLISION,HEAD ON,CURVE & LEVEL,DAYLIGHT,,,45353.1281086458,False,SO-3,Accepted,5,5,O,,INATTENTION,
32932716,0320000,ELLIOTT COUNTY SHERIFF DEPT.,Accepted,ELLIOTT,KY0504,,KY504,,,,,,,,,38.21184547,-83.16135982,5.175,45338,2030,1,1,0,0,BLOWING SAND/SOIL/DIRT/SNOW,SNOW/SLUSH,False,OTHER COLLISIONS ON SHOULDER,SINGLE VEHICLE,CURVE & GRADE,DARK-HWY NOT LIGHTED,,,45355.1290644676,False,SO1,Accepted,5,5,O,,,
32984636,KSP0800,"KY STATE POLICE, POST 08",Accepted,ELLIOTT,KY0007,,KY7,,,,,,,,,38.052685787,-83.224481882,0.589,45365,1526,1,1,0,1,CLEAR,DRY,False,OTHER ROADWAY OR MID-BLOCK COLLISION,SINGLE VEHICLE,CURVE & LEVEL,DAYLIGHT,,,45366.3690437847,False,745,Accepted,5,3,B,,INATTENTION,
33024447,KSP0800,"KY STATE POLICE, POST 08",Accepted,ELLIOTT,KY0702,,NEAL HOWARDS CREEK,RD,,,,,,,,38.052502762,-83.189561769,2.061,45370,1309,2,2,0,0,CLEAR,DRY,False,SIDESWIPE COLLISION - OPPOSITE DIRECTION,SIDESWIPE-OPPOSITE DIRECTION,CURVE & GRADE,DAYLIGHT,,,45376.3905863079,False,714,Accepted,5,5,O,,"DISTRACTION, INATTENTION",
33101453,KSP0800,"KY STATE POLICE, POST 08",Accepted,ELLIOTT,KY0007,,KY7,,,,,,,,,38.090103734,-83.125906064,7.389,45393,1236,2,2,0,0,RAINING,WET,False,SIDESWIPE COLLISION - SAME DIRECTION,SIDESWIPE-SAME DIRECTION,STRAIGHT & LEVEL,DAYLIGHT,,,45394.4267156597,False,614,Accepted,5,5,O,SLIPPERY SURFACE,INATTENTION,
33136378,0320000,ELLIOTT COUNTY SHERIFF DEPT.,Accepted,ELLIOTT,KY0007,,KY7,,N,,,,,,,38.091766125,-83.125443484,7.506,45385,1030,1,1,0,0,CLEAR,DRY,False,COLLISION WITH FIXED OBJECT NON - INTERSECTION - FIRST EVENT COLLISION 09 - 32 EXCLUDING 16,SINGLE VEHICLE,STRAIGHT & LEVEL,DAYLIGHT,,,45402.1279019676,False,SO1,Accepted,5,5,O,,IMPROPER BACKING,
33168404,0320000,ELLIOTT COUNTY SHERIFF DEPT.,Accepted,ELLIOTT,KY0032,,BROWN RIDGE,RD,,,,,,,,38.144012782,-83.123036694,6.599,45398,1251,2,1,0,0,CLEAR,DRY,False,REAR END IN TRAFFIC LANES BOTH VEHICLES MOVING,REAR END,STRAIGHT & GRADE,DAYLIGHT,,,45410.1366210648,False,SO1,Accepted,5,5,O,,MISJUDGE CLEARANCE,OTHER
33202662,KSP0800,"KY STATE POLICE, POST 08",Accepted,ELLIOTT,KY0007,,KY7,,,,,,,,,38.152711299,-83.050257689,14.159,45415,1706,1,1,0,1,RAINING,WET,False,OTHER ROADWAY OR MID-BLOCK COLLISION,SINGLE VEHICLE,CURVE & GRADE,DAYLIGHT,,,45418.3947658218,False,745,Accepted,5,4,C,OTHER,"EMOTIONAL, NOT UNDER PROPER CONTROL",
33202666,KSP0800,"KY STATE POLICE, POST 08",Accepted,ELLIOTT,KY0173,,KY173,,,,,,,,,38.070123059,-83.207294632,0.861,45415,2154,1,1,0,0,RAINING,WET,False,OTHER ROADWAY OR MID-BLOCK COLLISION,SINGLE VEHICLE,CURVE & GRADE,DARK-HWY LIGHTED/OFF,,,45418.3948184838,False,745,Accepted,5,5,O,SLIPPERY SURFACE,TOO FAST FOR CONDITIONS,
33224819,0320000,ELLIOTT COUNTY SHERIFF DEPT.,Accepted,ELLIOTT,KY0007,,KY7,,S,,,,,,,38.072303831,-83.154857865,5.022,45405,1500,2,1,0,0,CLEAR,DRY,False,SIDESWIPE COLLISION - OPPOSITE DIRECTION,SIDESWIPE-OPPOSITE DIRECTION,CURVE & LEVEL,DAYLIGHT,,,45423.1279929051,False,SO1,Accepted,5,5,O,,,
33254516,0320000,ELLIOTT COUNTY SHERIFF DEPT.,Accepted,ELLIOTT,KY0007,,KY7,,N,,,,,,,38.087858228,-83.124235783,7.186,45413,1510,2,1,0,0,CLEAR,DRY,False,1 VEHICLE PARKED POSITION (NOT PARKING LOT/DRIVEWAY),SIDESWIPE-SAME DIRECTION,STRAIGHT & LEVEL,DAYLIGHT,,,45430.1274528935,False,SO1,Accepted,5,5,O,,"DISTRACTION, FAILED TO KEEP PROPER LANE, FAILED TO YIELD RIGHT OF WAY",
33301712,0320000,ELLIOTT COUNTY SHERIFF DEPT.,Accepted,ELLIOTT,,,JESSE SKAGGS,RD,,,,,,,,38.178956314,-83.089921132,0.866,45419,1245,2,1,0,0,CLEAR,DRY,True,SIDESWIPE COLLISION - OPPOSITE DIRECTION,SIDESWIPE-OPPOSITE DIRECTION,STRAIGHT & HILLCREST,DAYLIGHT,,,45439.1277002662,False,SO1,Accepted,5,5,O,,,
33321858,0320000,ELLIOTT COUNTY SHERIFF DEPT.,Accepted,ELLIOTT,KY0007,,KY7,,N,,,,,,,38.087966274,-83.124147083,,45415,1245,1,1,0,0,CLEAR,DRY,False,COLLISION WITH FIXED OBJECT NON - INTERSECTION - FIRST EVENT COLLISION 09 - 32 EXCLUDING 16,SINGLE VEHICLE,STRAIGHT & LEVEL,DAYLIGHT,,,45443.1272600347,False,SO1,Accepted,5,5,O,,,
33321860,0320000,ELLIOTT COUNTY SHERIFF DEPT.,Accepted,ELLIOTT,KY0007,,KY7,,,,,,,,,38.109918055,-83.114858004,9.058,45428,1330,2,1,0,0,CLEAR,DRY,False,1 VEHICLE PARKED POSITION (NOT PARKING LOT/DRIVEWAY),BACKING,STRAIGHT & LEVEL,DAYLIGHT,,,45443.1272954861,False,SO1,Accepted,5,5,O,,,
33368842,KSP0800,"KY STATE POLICE, POST 08",Accepted,ELLIOTT,KY0504,,KY504,,,,,,,,,38.147733662,-83.075686915,13.385,45446,346,1,1,0,1,CLEAR,WET,False,RAN OFF ROADWAY (1 VEHICLE WITH/EARTH EMBANKMENT/DITCH),SINGLE VEHICLE,CURVE & GRADE,DARK-HWY NOT LIGHTED,,,45454.4603839468,False,614,Accepted,5,3,B,ANIMALS ACTION,OVERCORRECTING/OVERSTEERING,
33374623,KSP0800,"KY STATE POLICE, POST 08",Accepted,ELLIOTT,KY0007,328.0,KY7,,,,,,,,,38.091507307,-83.1254693,7.488,45454,1732,2,2,0,0,CLEAR,DRY,False,OTHER ROADWAY OR MID-BLOCK COLLISION,OPPOSING LEFT TURN,STRAIGHT & LEVEL,DAYLIGHT,,,45455.5605008912,False,504,Accepted,5,5,O,,INATTENTION,
33470427,KSP0800,"KY STATE POLICE, POST 08",Accepted,ELLIOTT,KY0007,,KY7,,,,,,,,,38.128957643,-83.097685145,10.753,45477,1828,1,1,0,0,CLOUDY,WET,False,OTHER ROADWAY OR MID-BLOCK COLLISION,SINGLE VEHICLE,CURVE & GRADE,DAYLIGHT,,,45478.4459394329,False,745,Accepted,5,5,O,SLIPPERY SURFACE,,
33480415,KSP0800,"KY STATE POLICE, POST 08",Accepted,ELLIOTT,,,MAYBERRY RIDGE,RD,,,,,,,,38.223648383,-83.149441252,0.348,45475,1459,1,1,1,0,CLEAR,DRY,False,OTHER COLLISIONS ON SHOULDER,SINGLE VEHICLE,CURVE & GRADE,DAYLIGHT,,,45481.419709919,False,824,Accepted,1,1,K,,"ALCOHOL INVOLVEMENT, FAILED TO KEEP PROPER LANE, NOT UNDER PROPER CONTROL",
33638339,KSP0800,"KY STATE POLICE, POST 08",Accepted,ELLIOTT,KY0719,,MIDDLE FORK,RD,,,,,,,,38.024954259,-83.134915373,2.063,45514,1145,1,1,0,1,CLEAR,DRY,False,OTHER COLLISIONS ON SHOULDER,SINGLE VEHICLE,STRAIGHT & LEVEL,DAYLIGHT,,,45516.5314403935,False,827,Accepted,4,4,C,,DRUG INVOLVEMENT,TIRE FAILURE
33638343,KSP0800,"KY STATE POLICE, POST 08",Accepted,ELLIOTT,KY0702,,NEAL HOWARDS CREEK,RD,,,,,,,,38.051215726,-83.18964454,1.981,45515,1508,2,2,0,0,CLEAR,DRY,False,SIDESWIPE COLLISION - OPPOSITE DIRECTION,SIDESWIPE-OPPOSITE DIRECTION,CURVE & GRADE,DAYLIGHT,,,45516.5316153588,False,467,Accepted,5,5,O,,MISJUDGE CLEARANCE,MIRRORS
33672327,KSP0800,"KY STATE POLICE, POST 08",Accepted,ELLIOTT,KY0719,,MIDDLE FORK,RD,,,,,,,,38.042754154,-83.126297754,3.486,45521,1421,2,2,0,0,CLOUDY,DRY,False,HEAD-ON COLLISION,HEAD ON,STRAIGHT & LEVEL,DAYLIGHT,,,45524.3729456829,False,467,Accepted,5,5,O,,INATTENTION,
33672329,KSP0800,"KY STATE POLICE, POST 08",Accepted,ELLIOTT,KY0007,,KY7,,,,,,,,,38.08764387,-83.124205651,7.168,45523,1414,2,2,0,0,CLEAR,DRY,False,1 VEHICLE PARKED POSITION (NOT PARKING LOT/DRIVEWAY),BACKING,STRAIGHT & LEVEL,DAYLIGHT,,,45524.3730996528,False,614,Accepted,5,5,O,,INATTENTION,
33692959,0320000,ELLIOTT COUNTY SHERIFF DEPT.,Accepted,ELLIOTT,KY0007,,KY7,,S,,,,,,,38.087589535,-83.124239028,7.164,45506,1130,2,1,0,0,CLEAR,DRY,False,SIDESWIPE COLLISION - OPPOSITE DIRECTION,SIDESWIPE-OPPOSITE DIRECTION,STRAIGHT & LEVEL,DAYLIGHT,,,45529.1290988079,False,SO1,Accepted,5,5,O,,,
33692969,0320000,ELLIOTT COUNTY SHERIFF DEPT.,Accepted,ELLIOTT,KY0650,,WELLS CREEK,RD,,,,,,,,38.017603782,-83.160542853,0.704,45502,1400,2,1,0,0,CLEAR,DRY,False,SIDESWIPE COLLISION - OPPOSITE DIRECTION,SIDESWIPE-OPPOSITE DIRECTION,STRAIGHT & LEVEL,DAYLIGHT,,,45529.129671412,False,SO1,Accepted,5,5,O,,,
33703139,KSP0800,"KY STATE POLICE, POST 08",Accepted,ELLIOTT,KY0007,,KY7,,,,,,,,,38.084878772,-83.128959445,6.845,45526,1000,2,2,0,0,CLEAR,DRY,False,VEHICLE BACKING NON INTERSECTION,BACKING,STRAIGHT & GRADE,DAYLIGHT,,,45531.6070042824,False,614,Accepted,5,5,O,,INATTENTION,
33759340,KSP0800,"KY STATE POLICE, POST 08",Accepted,ELLIOTT,KY0007,,KY7,,,,,,,,,38.090642073,-83.125744303,7.427,45540,1438,2,2,0,2,CLEAR,DRY,False,1 VEHICLE ENTERING/LEAVING ENTRANCE,ANGLE,STRAIGHT & LEVEL,DAYLIGHT,,,45545.4461862269,False,745,Accepted,5,3,B,,LOST CONSCIOUSNESS/FAINTED,
33759349,KSP0800,"KY STATE POLICE, POST 08",Accepted,ELLIOTT,KY0504,,KY504,,,,,,,,,38.166845643,-83.089891492,11.767,45363,1857,1,1,1,0,CLEAR,DRY,False,COLLISION WITH FIXED OBJECT NON - INTERSECTION - FIRST EVENT COLLISION 09 - 32 EXCLUDING 16,SINGLE VEHICLE,CURVE & GRADE,DUSK,,,45545.4464366551,False,436,Accepted,5,1,K,,"NOT UNDER PROPER CONTROL, OVERCORRECTING/OVERSTEERING",OTHER
33796733,KSP0800,"KY STATE POLICE, POST 08",Accepted,ELLIOTT,KY0032,,BROWN RIDGE,RD,,,,,,,,38.081328692,-83.11184382,9.62,45544,1506,1,1,0,0,CLEAR,DRY,False,OTHER ROADWAY OR MID-BLOCK COLLISION,SINGLE VEHICLE,CURVE & HILLCREST,DAYLIGHT,,,45552.3668769329,False,467,Accepted,5,5,O,,OTHER,STEERING FAILURE
33796734,KSP0800,"KY STATE POLICE, POST 08",Accepted,ELLIOTT,KY0007,,KY7,,,,,,,,,38.120599727,-83.106181419,9.998,45548,2140,1,1,0,0,CLEAR,DRY,False,COLLISION WITH ANIMAL NON INTERSECTION,SINGLE VEHICLE,STRAIGHT & LEVEL,DARK-HWY NOT LIGHTED,,,45552.3669321412,False,467,Accepted,5,5,O,ANIMALS ACTION,,
33946695,KSP0800,"KY STATE POLICE, POST 08",Accepted,ELLIOTT,KY0032,1250.0,BROWN RIDGE,RD,,,,,,,,38.140447133,-83.113221997,7.456,45586,1750,2,2,0,0,CLEAR,DRY,False,SIDESWIPE COLLISION - OPPOSITE DIRECTION,SIDESWIPE-OPPOSITE DIRECTION,CURVE & GRADE,DAYLIGHT,,,45588.3979628472,False,504,Accepted,5,5,O,,NOT UNDER PROPER CONTROL,
34009573,KSP0800,"KY STATE POLICE, POST 08",Accepted,ELLIOTT,KY0650,4240.0,WELLS CREEK,RD,,,,,,,,38.013610258,-83.161185169,0.414,45602,2044,2,2,0,0,CLOUDY,WET,False,SIDESWIPE COLLISION - OPPOSITE DIRECTION,SIDESWIPE-OPPOSITE DIRECTION,CURVE & GRADE,DARK-HWY NOT LIGHTED,,,45603.5634918981,False,824,Accepted,5,5,O,SLIPPERY SURFACE,"FAILED TO KEEP PROPER LANE, MISJUDGE CLEARANCE",
34025973,0320000,ELLIOTT COUNTY SHERIFF DEPT.,Accepted,ELLIOTT,KY0504,,KY504,,,,,,,,,38.195264209,-83.229643154,0.365,45420,1400,2,1,0,0,CLEAR,DRY,False,REAR END IN TRAFFIC LANES BOTH VEHICLES MOVING,REAR END,CURVE & GRADE,DAYLIGHT,,,45608.1273541667,False,SO1,Accepted,5,5,O,,,
34026002,0320000,ELLIOTT COUNTY SHERIFF DEPT.,Accepted,ELLIOTT,KY0007,,KY7,,,,,,,,,38.087241187,-83.124693232,7.129,45597,730,2,1,0,0,CLOUDY,WET,False,SIDESWIPE COLLISION - OPPOSITE DIRECTION,SIDESWIPE-OPPOSITE DIRECTION,STRAIGHT & GRADE,DAWN,,,45608.1279861921,False,SO1,Accepted,5,5,O,,,
34027387,KSP0800,"KY STATE POLICE, POST 08",Accepted,ELLIOTT,KY0007,,KY7,,,,,,,,,38.085431834,-83.127437694,6.934,45604,1530,2,2,0,0,CLEAR,DRY,False,SIDESWIPE COLLISION - SAME DIRECTION,SIDESWIPE-SAME DIRECTION,STRAIGHT & LEVEL,DAYLIGHT,,,45608.3840293634,False,745,Accepted,5,5,O,,MISJUDGE CLEARANCE,
34027390,KSP0800,"KY STATE POLICE, POST 08",Accepted,ELLIOTT,KY3353,,HORTON FLATS,RD,,,,,,,,38.195091722,-83.022800445,1.298,45604,1510,2,2,0,1,CLEAR,DRY,False,HEAD-ON COLLISION,HEAD ON,CURVE & GRADE,DAYLIGHT,,,45608.3841028588,False,824,Accepted,5,3,B,,"DISTRACTION, FAILED TO KEEP PROPER LANE",
34037343,KSP0800,"KY STATE POLICE, POST 08",Accepted,ELLIOTT,KY0486,,LITTLE FORK,RD,,,,,,,,38.157399111,-82.929823244,12.396,45597,1728,2,2,0,2,CLEAR,DRY,False,1 VEHICLE ENTERING/LEAVING ENTRANCE,ANGLE,STRAIGHT & LEVEL,DAYLIGHT,,,45610.4327636921,False,745,Accepted,5,2,A,,INATTENTION,
34052678,KSP0800,"KY STATE POLICE, POST 08",Accepted,ELLIOTT,KY0409,,BRUIN,RD,,,,,,,,38.132290693,-82.986168121,5.62,45611,1421,1,1,0,0,CLOUDY,WET,False,OTHER ROADWAY OR MID-BLOCK COLLISION,SINGLE VEHICLE,STRAIGHT & GRADE,DAYLIGHT,,,45614.5533924421,False,745,Accepted,5,5,O,DEBRIS IN ROADWAY,,
34069629,0320000,ELLIOTT COUNTY SHERIFF DEPT.,Accepted,ELLIOTT,KY0032,,BROWN RIDGE,RD,,,,,,,,38.067667943,-83.070291642,12.886,45560,1958,1,1,0,1,CLOUDY,WET,False,RAN OFF ROADWAY (1 VEHICLE WITH/EARTH EMBANKMENT/DITCH),SINGLE VEHICLE,CURVE & GRADE,DARK-HWY NOT LIGHTED,,,45618.1280457986,False,SO-2,Accepted,5,3,B,,,
34069632,0320000,ELLIOTT COUNTY SHERIFF DEPT.,Accepted,ELLIOTT,KY0504,,KY504,,,,,,,,,38.1832903,-83.096274688,10.514,45298,2242,1,1,0,0,CLOUDY,WET,False,RAN OFF ROADWAY (1 VEHICLE WITH/EARTH EMBANKMENT/DITCH),SINGLE VEHICLE,STRAIGHT & LEVEL,DARK-HWY NOT LIGHTED,,,45618.1282591435,False,SO-2,Accepted,5,5,O,,DISTRACTION,
34069634,0320000,ELLIOTT COUNTY SHERIFF DEPT.,Accepted,ELLIOTT,KY1620,,KY1620,,,,,,,,,38.251317384,-83.189751552,3.761,45130,2340,2,1,0,0,CLEAR,DRY,False,SIDESWIPE COLLISION - OPPOSITE DIRECTION,SIDESWIPE-OPPOSITE DIRECTION,STRAIGHT & HILLCREST,DARK-HWY NOT LIGHTED,,,45618.1283175579,False,SO-2,Accepted,5,5,O,,MISJUDGE CLEARANCE,
34069635,0320000,ELLIOTT COUNTY SHERIFF DEPT.,Accepted,ELLIOTT,KY0007,,KY7,,,,,,,,,38.116069669,-83.107288135,9.678,45054,1956,1,1,0,0,CLEAR,DRY,False,COLLISION WITH FIXED OBJECT NON - INTERSECTION - FIRST EVENT COLLISION 09 - 32 EXCLUDING 16,SINGLE VEHICLE,CURVE & GRADE,DAYLIGHT,,,45618.1283521181,False,SO-2,Accepted,5,5,O,,,TIRE FAILURE
34069643,0320000,ELLIOTT COUNTY SHERIFF DEPT.,Accepted,ELLIOTT,,,HARVEST CHRISTIAN,RD,,,,,,,,38.081849518,-83.140120571,0.003,45303,1645,1,1,0,0,CLOUDY,WET,False,COLLISION WITH FIXED OBJECT NON - INTERSECTION - FIRST EVENT COLLISION 09 - 32 EXCLUDING 16,SINGLE VEHICLE,STRAIGHT & GRADE,DAYLIGHT,,,45618.1285904745,False,SO-2,Accepted,5,5,O,SLIPPERY SURFACE,,
34069650,0320000,ELLIOTT COUNTY SHERIFF DEPT.,Accepted,ELLIOTT,KY0486,,LITTLE FORK,RD,,,,,,,,38.135411933,-82.958867033,9.673,45497,1745,2,1,0,1,CLOUDY,DRY,False,1 VEHICLE ENTERING/LEAVING ENTRANCE,ANGLE,STRAIGHT & LEVEL,DAYLIGHT,,,45618.1288442477,False,SO-2,Accepted,5,4,C,,INATTENTION,
34069651,0320000,ELLIOTT COUNTY SHERIFF DEPT.,Accepted,ELLIOTT,KY0486,,LITTLE FORK,RD,,,,,,,,38.072005578,-83.007804953,2.639,45526,1643,2,1,0,1,CLEAR,DRY,False,OTHER ROADWAY OR MID-BLOCK COLLISION,REAR END,CURVE & LEVEL,DAYLIGHT,,,45618.1288621528,False,SO-2,Accepted,5,4,C,MAINTENANCE/UTILITY WORK ZONE,"INATTENTION, NOT UNDER PROPER CONTROL",
34069673,0320000,ELLIOTT COUNTY SHERIFF DEPT.,Accepted,ELLIOTT,KY0504,8295.0,KY504,,,,,,,,,38.206170387,-83.179845266,3.722,45417,2108,1,1,0,0,CLEAR,DRY,False,OTHER COLLISIONS ON SHOULDER,SINGLE VEHICLE,STRAIGHT & LEVEL,DARK-HWY NOT LIGHTED,,,45618.1295290162,False,SO-2,Accepted,5,5,O,,DRUG INVOLVEMENT,
34069678,0320000,ELLIOTT COUNTY SHERIFF DEPT.,Accepted,ELLIOTT,,,HOWARDS CREEK,RD,,,,,,,,38.083215423,-83.122670313,0.073,45240,1846,1,1,0,0,CLEAR,DRY,False,RAN OFF ROADWAY (1 VEHICLE WITH/EARTH EMBANKMENT/DITCH),SINGLE VEHICLE,STRAIGHT & LEVEL,DARK-HWY NOT LIGHTED,,,45618.1296662384,False,SO-2,Accepted,5,5,O,,"INATTENTION, MISJUDGE CLEARANCE",
34069685,0320000,ELLIOTT COUNTY SHERIFF DEPT.,Accepted,ELLIOTT,KY0007,,KY7,,,,,,,,,38.068179486,-83.156974176,4.671,45426,1816,1,1,0,1,CLOUDY,WET,False,OTHER COLLISIONS ON SHOULDER,SINGLE VEHICLE,CURVE & GRADE,DAYLIGHT,,,45618.1299765393,False,SO-2,Accepted,5,3,B,SLIPPERY SURFACE,OVERCORRECTING/OVERSTEERING,
34069689,0320000,ELLIOTT COUNTY SHERIFF DEPT.,Accepted,ELLIOTT,KY0409,660.0,BRUIN,RD,,,,,,,,38.162358826,-83.022351719,0.936,45540,2158,1,1,0,1,CLEAR,DRY,False,RAN OFF ROADWAY (1 VEHICLE WITH/EARTH EMBANKMENT/DITCH),SINGLE VEHICLE,STRAIGHT & LEVEL,DARK-HWY NOT LIGHTED,,,45618.1300308218,False,SO-2,Accepted,5,4,C,ANIMALS ACTION,,
34069696,0320000,ELLIOTT COUNTY SHERIFF DEPT.,Accepted,ELLIOTT,KY0557,,FANNIN,RD,,,,,,,,38.10956368,-83.129200319,1.093,45544,1651,2,1,0,0,CLEAR,DRY,False,REAR END IN TRAFFIC LANES BOTH VEHICLES MOVING,REAR END,CURVE & GRADE,DAYLIGHT,,,45618.1301742708,False,SO-2,Accepted,5,5,O,,"DISTRACTION, INATTENTION",
34069697,0320000,ELLIOTT COUNTY SHERIFF DEPT.,Accepted,ELLIOTT,KY0173,2299.0,KY173,,,,,,,,,38.091059755,-83.217468824,2.711,45600,2042,1,1,0,0,CLEAR,DRY,False,OTHER COLLISIONS ON SHOULDER,SINGLE VEHICLE,CURVE & GRADE,DARK-HWY LIGHTED/OFF,,,45618.1301865394,False,SO-2,Accepted,5,5,O,ANIMALS ACTION,,
34069699,0320000,ELLIOTT COUNTY SHERIFF DEPT.,Accepted,ELLIOTT,KY3353,,HORTON FLATS,RD,,,,,,,,38.194284452,-83.027395734,1.019,45542,1910,1,1,0,0,CLEAR,DRY,False,OTHER COLLISIONS ON SHOULDER,SINGLE VEHICLE,CURVE & LEVEL,DAYLIGHT,,,45618.1302164005,False,SO-2,Accepted,5,5,O,,INATTENTION,
34069700,0320000,ELLIOTT COUNTY SHERIFF DEPT.,Accepted,ELLIOTT,KY0650,,WELLS CREEK,RD,,,,,,,,38.064800891,-83.15500255,4.293,45413,1719,2,1,0,0,CLEAR,DRY,False,REAR END IN TRAFFIC LANES BOTH VEHICLES MOVING,REAR END,STRAIGHT & HILLCREST,DAYLIGHT,,,45618.1302351852,False,SO-2,Accepted,5,5,O,,INATTENTION,
34069701,0320000,ELLIOTT COUNTY SHERIFF DEPT.,Accepted,ELLIOTT,KY0706,,KY706,,N,,,,,,,38.088595046,-83.041642218,7.472,45229,1639,2,1,0,0,CLEAR,DRY,False,SIDESWIPE COLLISION - OPPOSITE DIRECTION,SIDESWIPE-OPPOSITE DIRECTION,CURVE & LEVEL,DAYLIGHT,,,45618.1302671296,False,SO-2,Accepted,5,5,O,,MISJUDGE CLEARANCE,
34069703,0320000,ELLIOTT COUNTY SHERIFF DEPT.,Accepted,ELLIOTT,KY0032,1348.0,BROWN RIDGE,RD,,,,,,,,38.139435758,-83.115355601,7.267,45215,1405,1,1,0,0,CLOUDY,DRY,False,RAN OFF ROADWAY (1 VEHICLE WITH/EARTH EMBANKMENT/DITCH),SINGLE VEHICLE,CURVE & GRADE,DAYLIGHT,,,45618.1303562847,False,SO-2,Accepted,5,5,O,,FELL ASLEEP,
34073974,0320000,ELLIOTT COUNTY SHERIFF DEPT.,Accepted,ELLIOTT,KY0556,,RUIN,RD,N,,,,,,,38.091028701,-83.130428701,6.215,45449,2056,2,1,0,0,CLEAR,DRY,False,OTHER ROADWAY OR MID-BLOCK COLLISION,OPPOSING LEFT TURN,CURVE & GRADE,DUSK,,,45619.1287415162,False,SO-2,Accepted,5,5,O,,INATTENTION,
34073976,0320000,ELLIOTT COUNTY SHERIFF DEPT.,Accepted,ELLIOTT,KY0007,,KY7,,,,,,,,,38.146958653,-83.060167987,13.383,45110,2321,1,1,0,1,CLEAR,DRY,False,COLLISION WITH ANIMAL NON INTERSECTION,SINGLE VEHICLE,STRAIGHT & GRADE,DARK-HWY NOT LIGHTED,,,45619.1287953704,False,SO-2,Accepted,4,4,C,ANIMALS ACTION,,
34073977,0320000,ELLIOTT COUNTY SHERIFF DEPT.,Accepted,ELLIOTT,KY0409,2770.0,BRUIN,RD,,,,,,,,38.142651145,-83.028066445,2.396,45075,2320,1,1,0,1,CLEAR,DRY,False,OTHER COLLISIONS ON SHOULDER,SINGLE VEHICLE,CURVE & GRADE,DARK-HWY NOT LIGHTED,,,45619.1288067477,False,SO-2,Accepted,3,3,B,,FELL ASLEEP,
34099495,0320000,ELLIOTT COUNTY SHERIFF DEPT.,Accepted,ELLIOTT,KY0007,,KY7,,N,,,,,,,38.13568368,-83.084208851,11.813,45601,1115,2,1,0,0,CLEAR,DRY,False,1 VEHICLE PARKED POSITION (NOT PARKING LOT/DRIVEWAY),BACKING,STRAIGHT & LEVEL,DAYLIGHT,,,45626.1282738426,False,SO1,Accepted,5,5,O,,,
34121121,KSP0800,"KY STATE POLICE, POST 08",Accepted,ELLIOTT,KY0706,,KY706,,N,,,,,,,38.135172198,-83.061483587,12.367,45630,705,2,1,0,0,CLEAR,DRY,False,SIDESWIPE COLLISION - OPPOSITE DIRECTION,SIDESWIPE-OPPOSITE DIRECTION,STRAIGHT & HILLCREST,DAWN,,,45631.4139220718,False,827,Accepted,5,5,O,,MISJUDGE CLEARANCE,
34133526,0320000,ELLIOTT COUNTY SHERIFF DEPT.,Accepted,ELLIOTT,KY0032,2031.0,BROWN RIDGE,RD,,,,,,,,38.076884152,-83.095059416,10.768,45617,1725,2,1,0,0,CLOUDY,WET,False,SIDESWIPE COLLISION - OPPOSITE DIRECTION,SIDESWIPE-OPPOSITE DIRECTION,CURVE & LEVEL,DARK-HWY NOT LIGHTED,,,45635.1282440625,False,SO-2,Accepted,5,5,O,,"EXCEEDED STATED SPEED LIMIT, FAILED TO KEEP PROPER LANE",
34192576,KSP0900,"KY STATE POLICE, POST 09",Accepted,ELLIOTT,,,BUSTER FANNIN,RD,,,,,,,,38.09114004,-83.184443921,0.245,45640,1751,2,2,0,0,CLEAR,DRY,False,SIDESWIPE COLLISION - OPPOSITE DIRECTION,SIDESWIPE-OPPOSITE DIRECTION,STRAIGHT & LEVEL,DARK-HWY NOT LIGHTED,,,45649.3618249653,False,746,Accepted,5,5,O,,,
34196349,KSP0800,"KY STATE POLICE, POST 08",Accepted,ELLIOTT,KY0007,,KY7,,S,,,,,,,38.087689034,-83.12412995,7.173,45649,755,2,2,0,1,CLEAR,DRY,False,1 VEHICLE ENTERING/LEAVING ENTRANCE,ANGLE,STRAIGHT & LEVEL,DAYLIGHT,,,45650.3834846065,False,827,Accepted,5,4,C,,"FAILED TO YIELD RIGHT OF WAY, INATTENTION",
34196355,KSP0800,"KY STATE POLICE, POST 08",Accepted,ELLIOTT,KY0032,,BROWN RIDGE,RD,,,,,,,,38.145704724,-83.145863425,5.154,45649,1828,1,1,0,1,CLEAR,DRY,False,RAN OFF ROADWAY (1 VEHICLE WITH/EARTH EMBANKMENT/DITCH),SINGLE VEHICLE,STRAIGHT & GRADE,DARK-HWY NOT LIGHTED,,,45650.383634456,False,487,Accepted,3,3,B,,ALCOHOL INVOLVEMENT,
34219397,KSP0800,"KY STATE POLICE, POST 08",Accepted,ELLIOTT,,1417.0,HAMILTON BRANCH,RD,,,,,,,,38.122932045,-82.980457955,1.192,45656,1700,2,2,0,1,CLEAR,GRAVEL,False,HEAD-ON COLLISION,HEAD ON,STRAIGHT & HILLCREST,DAYLIGHT,,,45658.3705508102,False,487,Accepted,5,3,B,"SLIPPERY SURFACE, VIEW OBSTRUCTED/LIMITED DUE TO RDWY",,
34261747,0320000,ELLIOTT COUNTY SHERIFF DEPT.,Accepted,ELLIOTT,KY0032,,BROWN RIDGE,RD,,,,,,,,38.083847149,-83.121801829,8.966,45637,1557,1,1,0,1,CLEAR,DRY,False,OTHER COLLISIONS ON SHOULDER,SINGLE VEHICLE,CURVE & LEVEL,DAYLIGHT,,,45671.1283423611,False,SO-2,Accepted,5,2,A,,"LOST CONSCIOUSNESS/FAINTED, SICK",
34262756,KSP0800,"KY STATE POLICE, POST 08",Accepted,ELLIOTT,KY0007,,KY7,,,,,,,,,38.132116228,-83.098143767,10.977,45665,1230,1,1,0,0,SNOWING,SNOW/SLUSH,False,OTHER ROADWAY OR MID-BLOCK COLLISION,SINGLE VEHICLE,STRAIGHT & LEVEL,DAYLIGHT,,,45671.4089243056,False,447,Accepted,5,5,O,,,
34338800,0320000,ELLIOTT COUNTY SHERIFF DEPT.,Accepted,ELLIOTT,KY0007,,KY7,,S,,,,,,,38.053580128,-83.220609455,0.765,45675,1026,1,1,0,0,SNOWING,SNOW/SLUSH,False,COLLISION WITH FIXED OBJECT NON - INTERSECTION - FIRST EVENT COLLISION 09 - 32 EXCLUDING 16,SINGLE VEHICLE,CURVE & LEVEL,DAYLIGHT,,,45690.1302427894,False,SO1,Accepted,5,5,O,,,
34366767,0320000,ELLIOTT COUNTY SHERIFF DEPT.,Accepted,ELLIOTT,KY0007,,KY7,,,,,,,,,38.091116155,-83.12559456,7.461,45623,1415,2,2,0,0,CLOUDY,DRY,False,SIDESWIPE COLLISION - SAME DIRECTION,SIDESWIPE-SAME DIRECTION,STRAIGHT & LEVEL,DAYLIGHT,,,45696.487943831,False,SO1,Accepted,5,5,O,,,
34366768,0320000,ELLIOTT COUNTY SHERIFF DEPT.,Accepted,ELLIOTT,KY3353,,HORTON FLATS,RD,,,,,,,,38.19478775,-83.030115803,0.865,45687,1700,1,1,0,0,RAINING,WET,False,OTHER COLLISIONS ON SHOULDER,SINGLE VEHICLE,CURVE & HILLCREST,DUSK,,,45696.4880167014,False,SO1,Accepted,5,5,O,,,
34382785,KSP0800,"KY STATE POLICE, POST 08",Accepted,ELLIOTT,KY0032,,BROWN RIDGE,RD,,,,,,,,38.085343899,-83.12222181,8.859,45698,1859,1,1,0,0,CLEAR,DRY,False,COLLISION WITH ANIMAL NON INTERSECTION,SINGLE VEHICLE,CURVE & GRADE,DARK-HWY NOT LIGHTED,,,45700.6032015856,False,447,Accepted,5,5,O,ANIMALS ACTION,,
34393896,0320000,ELLIOTT COUNTY SHERIFF DEPT.,Accepted,ELLIOTT,KY0007,,KY7,,,,,,,,,38.110477585,-83.113843752,9.123,45681,1827,2,1,0,1,CLEAR,DRY,False,OTHER ROADWAY OR MID-BLOCK COLLISION,REAR END,STRAIGHT & LEVEL,DARK-HWY NOT LIGHTED,,,45703.1276841088,False,SO-2,Accepted,5,4,C,,INATTENTION,
34440961,KSP0800,"KY STATE POLICE, POST 08",Accepted,ELLIOTT,KY0032,,BROWN RIDGE,RD,,,,,,,,38.145491744,-83.13184429,6.06,45714,1325,1,1,0,0,CLEAR,DRY,False,OTHER COLLISIONS ON SHOULDER,SINGLE VEHICLE,CURVE & GRADE,DAYLIGHT,,,45715.3810033912,False,827,Accepted,5,5,O,,INATTENTION,
34479908,0320000,ELLIOTT COUNTY SHERIFF DEPT.,Accepted,ELLIOTT,KY0007,,KY7,,S,,,,,,,38.081631968,-83.135388374,6.425,45707,845,2,2,0,0,SNOWING,SNOW/SLUSH,False,REAR END IN TRAFFIC LANES BOTH VEHICLES MOVING,REAR END,CURVE & HILLCREST,DAYLIGHT,,,45723.9944726505,False,SO1,Accepted,5,5,O,SLIPPERY SURFACE,,
34479909,0320000,ELLIOTT COUNTY SHERIFF DEPT.,Accepted,ELLIOTT,KY0007,,KY7,,S,,,,,,,38.069083274,-83.154828203,4.825,45723,845,2,2,0,0,CLOUDY,DRY,False,HEAD-ON COLLISION,HEAD ON,CURVE & HILLCREST,DAYLIGHT,,,45723.9945101042,False,SO1,Accepted,5,5,O,,SICK,
34519254,KSP0800,"KY STATE POLICE, POST 08",Accepted,ELLIOTT,KY0556,,RUIN,RD,N,,,,,,,38.105202452,-83.184123696,2.233,45732,2020,1,1,0,1,CLEAR,DRY,False,COLLISION WITH ANIMAL NON INTERSECTION,SINGLE VEHICLE,STRAIGHT & LEVEL,DARK-HWY NOT LIGHTED,,,45733.4183146181,False,487,Accepted,5,3,B,ANIMALS ACTION,,
34591671,0320000,ELLIOTT COUNTY SHERIFF DEPT.,Accepted,ELLIOTT,KY0007,,KY7,,,,,,,,,38.097932164,-83.1186995,8.106,45688,710,1,1,0,0,FOG WITH RAIN,WET,False,OTHER ROADWAY OR MID-BLOCK COLLISION,SINGLE VEHICLE,CURVE & GRADE,DAWN,,,45749.9414377662,False,SO1,Accepted,5,5,O,,,
34591738,0320000,ELLIOTT COUNTY SHERIFF DEPT.,Accepted,ELLIOTT,,,NORTHWOOD APARTMENTS,RD,,,,,,,,38.09594895,-83.120432618,0.103,45748,1525,2,2,0,0,CLEAR,DRY,False,1 VEHICLE PARKED POSITION (NOT PARKING LOT/DRIVEWAY),BACKING,STRAIGHT & LEVEL,DAYLIGHT,,,45749.9627658912,False,SO1,Accepted,5,5,O,,,
34653309,KSP0800,"KY STATE POLICE, POST 08",Accepted,ELLIOTT,KY0556,,RUIN,RD,N,,,,,,,38.086488933,-83.125957643,6.62,45764,1615,2,2,0,0,CLEAR,DRY,False,1 VEHICLE ENTERING/LEAVING ENTRANCE,ANGLE,STRAIGHT & HILLCREST,DAYLIGHT,,,45765.4906441319,False,745,Accepted,5,5,O,,MISJUDGE CLEARANCE,
34692276,KSP0800,"KY STATE POLICE, POST 08",Accepted,ELLIOTT,,,BROWNIE COX,RD,,,,,,,,38.210676117,-83.149857771,0.544,45770,1510,1,1,0,1,CLEAR,DRY,False,OTHER COLLISIONS ON SHOULDER,SINGLE VEHICLE,CURVE & GRADE,DAYLIGHT,,,45775.4469272338,False,827,Accepted,5,4,C,,NOT UNDER PROPER CONTROL,
34716414,0320000,ELLIOTT COUNTY SHERIFF DEPT.,Accepted,ELLIOTT,KY0007,,KY7,,,,,,,,,38.087856902,-83.124426556,7.193,45769,1553,2,1,0,0,CLEAR,DRY,False,SIDESWIPE COLLISION - OPPOSITE DIRECTION,SIDESWIPE-OPPOSITE DIRECTION,STRAIGHT & LEVEL,DAYLIGHT,,,45781.1263278125,False,SO1,Accepted,5,5,O,,,
34744802,0320000,ELLIOTT COUNTY SHERIFF DEPT.,Accepted,ELLIOTT,KY0755,,RUIN,RD,S,,,,,,,38.094938132,-83.151634409,5.187,45771,1520,1,1,0,0,RAINING,WET,False,COLLISION WITH FIXED OBJECT NON - INTERSECTION - FIRST EVENT COLLISION 09 - 32 EXCLUDING 16,SINGLE VEHICLE,CURVE & LEVEL,DAYLIGHT,,,45786.1264372338,False,SO1,Accepted,5,5,O,,,
34889189,KSP0800,"KY STATE POLICE, POST 08",Accepted,ELLIOTT,KY0706,,KY706,,N,,,,,,,38.109202214,-83.0499092,9.657,45818,1713,1,1,0,0,CLEAR,DRY,False,RAN OFF ROADWAY (1 VEHICLE WITH/EARTH EMBANKMENT/DITCH),SINGLE VEHICLE,CURVE & LEVEL,DAYLIGHT,,,45820.382899537,False,447,Accepted,5,5,O,,NOT UNDER PROPER CONTROL,
34923991,0320000,ELLIOTT COUNTY SHERIFF DEPT.,Accepted,ELLIOTT,KY0007,,KY7,,,,,,,,,38.061543093,-83.199088309,2.164,45811,2156,3,1,0,0,CLEAR,DRY,False,1 VEHICLE PARKED POSITION (NOT PARKING LOT/DRIVEWAY),SIDESWIPE-SAME DIRECTION,CURVE & LEVEL,DARK-HWY NOT LIGHTED,,,45829.1262662037,False,SO-2,Accepted,5,5,O,,"FATIGUE, FELL ASLEEP, NOT UNDER PROPER CONTROL",
34963508,KSP0800,"KY STATE POLICE, POST 08",Accepted,ELLIOTT,KY3353,846.0,HORTON FLATS,RD,,,,,,,,38.194844345,-83.030217451,0.859,45836,1534,1,1,0,3,CLEAR,DRY,False,OTHER COLLISIONS ON SHOULDER,SINGLE VEHICLE,CURVE & GRADE,DAYLIGHT,,,45839.4026582986,False,824,Accepted,5,4,C,,NOT UNDER PROPER CONTROL,
34968016,KSP0800,"KY STATE POLICE, POST 08",Accepted,ELLIOTT,KY0007,,KY7,,,,,,,,,38.052057498,-83.225186451,0.541,45838,36,1,1,0,0,CLEAR,DRY,False,OTHER COLLISIONS ON SHOULDER,SINGLE VEHICLE,CURVE & LEVEL,DARK (UNKNOWN ROADWAY LIGHTING),,,45840.4412804051,False,1002,Accepted,5,5,O,,"FAILED TO KEEP PROPER LANE, INATTENTION",
34976241,0320000,ELLIOTT COUNTY SHERIFF DEPT.,Accepted,ELLIOTT,KY0007,,KY7,,,,,,,,,38.086034675,-83.126528748,6.999,45762,1510,2,1,0,0,CLEAR,DRY,True,1 VEHICLE ENTERING/LEAVING ENTRANCE,ANGLE,,DAYLIGHT,,,45842.1263128472,False,SO-2,Accepted,5,5,O,,INATTENTION,
34976246,0320000,ELLIOTT COUNTY SHERIFF DEPT.,Accepted,ELLIOTT,KY0007,,KY7,,,,,,,,,38.149343673,-83.051837755,13.892,45819,1858,2,1,0,1,CLEAR,DRY,False,OTHER COLLISIONS ON SHOULDER,SIDESWIPE-SAME DIRECTION,STRAIGHT & GRADE,DAYLIGHT,,,45842.126375081,False,SO-2,Accepted,4,4,C,,INATTENTION,
34991320,KSP0800,"KY STATE POLICE, POST 08",Accepted,ELLIOTT,KY0649,,STARK RIDGE,RD,,,,,,,,38.177561742,-83.163451574,3.178,45841,1215,2,2,0,0,CLEAR,DRY,False,SIDESWIPE COLLISION - OPPOSITE DIRECTION,SIDESWIPE-OPPOSITE DIRECTION,CURVE & LEVEL,DAYLIGHT,,,45846.4396047106,False,827,Accepted,5,5,O,,INATTENTION,
34991325,KSP0800,"KY STATE POLICE, POST 08",Accepted,ELLIOTT,,,TURKEY BRANCH,RD,,,,,,,,38.073029352,-83.213091839,0.599,45841,1747,1,1,0,1,CLEAR,GRAVEL,False,COLLISION WITH FIXED OBJECT NON - INTERSECTION - FIRST EVENT COLLISION 09 - 32 EXCLUDING 16,SINGLE VEHICLE,CURVE & LEVEL,DAYLIGHT,,,45846.4397337153,False,734,Accepted,5,4,C,,"EXCEEDED STATED SPEED LIMIT, NOT UNDER PROPER CONTROL, OVERCORRECTING/OVERSTEERING",
35004013,0320000,ELLIOTT COUNTY SHERIFF DEPT.,Accepted,ELLIOTT,KY0007,,KY7,,S,,,,,,,38.068394055,-83.164697219,4.234,45834,1253,1,1,0,0,CLEAR,DRY,False,OTHER ROADWAY OR MID-BLOCK COLLISION,SINGLE VEHICLE,STRAIGHT & LEVEL,DAYLIGHT,,,45849.1267892014,False,SO1,Accepted,5,5,O,,,
35024498,KSP0800,"KY STATE POLICE, POST 08",Accepted,ELLIOTT,KY0007,,KY7,,,,,,,,,38.081745615,-83.140226467,6.143,45849,2122,1,1,0,0,CLEAR,DRY,False,COLLISION WITH FIXED OBJECT NON - INTERSECTION - FIRST EVENT COLLISION 09 - 32 EXCLUDING 16,SINGLE VEHICLE,CURVE & LEVEL,DARK (UNKNOWN ROADWAY LIGHTING),,,45854.4422517014,False,745,Accepted,5,5,O,ANIMALS ACTION,,
35055012,0320000,ELLIOTT COUNTY SHERIFF DEPT.,Accepted,ELLIOTT,,,JOHNSON CREEK,RD,,,,,,,,38.157677157,-83.022267956,0.026,45843,2326,1,1,0,0,CLEAR,DRY,False,OTHER COLLISIONS ON SHOULDER,SINGLE VEHICLE,CURVE & LEVEL,DARK-HWY NOT LIGHTED,,,45862.1268257755,False,SO-2,Accepted,5,5,O,HOLES/DEEP RUTS/BUMPS,NOT UNDER PROPER CONTROL,
35066905,0320000,ELLIOTT COUNTY SHERIFF DEPT.,Accepted,ELLIOTT,KY0007,,KY7,,,,,,,,,38.086321458,-83.126120802,7.029,45710,1846,2,1,0,1,CLEAR,DRY,False,COLLISION WITH PEDESTRIAN NON - INTERSECTION,SINGLE VEHICLE,STRAIGHT & LEVEL,DARK-HWY LIGHTED/ON,,,45865.1271582986,False,SO-2,Accepted,3,3,B,,,
35072395,KSP0800,"KY STATE POLICE, POST 08",Accepted,ELLIOTT,KY0007,,KY7,,,,,,,,,38.072334945,-83.154849476,5.024,45864,1121,1,1,0,0,CLOUDY,WET,False,OTHER ROADWAY OR MID-BLOCK COLLISION,SINGLE VEHICLE,CURVE & LEVEL,DAYLIGHT,,,45866.6198728009,False,745,Accepted,5,5,O,SLIPPERY SURFACE,,
35162358,KSP0800,"KY STATE POLICE, POST 08",Accepted,ELLIOTT,KY0007,,KY7,,,,,,,,,38.075284813,-83.152977494,5.253,45884,716,2,2,0,0,FOG,WET,False,REAR END IN TRAFFIC LANES BOTH VEHICLES MOVING,REAR END,CURVE & LEVEL,DAWN,,,45888.4017156597,False,745,Accepted,5,5,O,"ANIMALS ACTION, VIEW OBSTRUCTED, LIMITED DUE TO WEATHER CONDITIONS",,
35162367,KSP0800,"KY STATE POLICE, POST 08",Accepted,ELLIOTT,KY3353,,HORTON FLATS,RD,,,,,,,,38.194197605,-83.028629727,0.947,45885,1240,2,2,0,0,CLEAR,DRY,False,SIDESWIPE COLLISION - OPPOSITE DIRECTION,SIDESWIPE-OPPOSITE DIRECTION,CURVE & GRADE,DAYLIGHT,,,45888.4018751968,False,745,Accepted,5,5,O,VIEW OBSTRUCTED/LIMITED DUE TO RDWY,,
35182795,0320000,ELLIOTT COUNTY SHERIFF DEPT.,Accepted,ELLIOTT,KY0007,1958.0,KY7,,,,,,,,,38.061895333,-83.173431453,3.575,45878,41,2,1,0,0,FOG,DRY,False,SIDESWIPE COLLISION - OPPOSITE DIRECTION,SIDESWIPE-OPPOSITE DIRECTION,CURVE & GRADE,DARK-HWY NOT LIGHTED,,,45893.1267328704,False,SO-2,Accepted,5,5,O,,,
35201296,KSP0800,"KY STATE POLICE, POST 08",Accepted,ELLIOTT,KY0409,,BRUIN,RD,,,,,,,,38.163703684,-83.022660408,0.841,45891,1500,2,2,0,0,CLEAR,DRY,False,SIDESWIPE COLLISION - OPPOSITE DIRECTION,SIDESWIPE-OPPOSITE DIRECTION,STRAIGHT & HILLCREST,DAYLIGHT,,,45897.3419830208,False,341,Accepted,5,5,O,,FAILED TO KEEP PROPER LANE,
35231030,0320000,ELLIOTT COUNTY SHERIFF DEPT.,Accepted,ELLIOTT,KY0032,,BROWN RIDGE,RD,,,,,,,,38.087670422,-83.124036672,8.661,45847,1020,2,2,0,0,CLOUDY,WET,False,SIDESWIPE COLLISION - OPPOSITE DIRECTION,SIDESWIPE-OPPOSITE DIRECTION,STRAIGHT & GRADE,DAYLIGHT,,,45904.0903689005,False,SO1,Accepted,5,5,O,,"FAILED TO YIELD RIGHT OF WAY, MISJUDGE CLEARANCE",
35231031,0320000,ELLIOTT COUNTY SHERIFF DEPT.,Accepted,ELLIOTT,KY0007,,KY7,,,,,,,,,38.10099253,-83.117857907,8.326,45840,1250,2,2,0,2,CLOUDY,DRY,False,SIDESWIPE COLLISION - SAME DIRECTION,SIDESWIPE-SAME DIRECTION,STRAIGHT & GRADE,DAYLIGHT,,,45904.0904665162,False,SO1,Accepted,5,2,A,,,
35231032,0320000,ELLIOTT COUNTY SHERIFF DEPT.,Accepted,ELLIOTT,,,CLICK CEMETERY,RD,,,,,,,,38.097183805,-83.157135767,0.052,45851,1422,2,2,0,0,CLEAR,DRY,False,1 VEHICLE PARKED POSITION (NOT PARKING LOT/DRIVEWAY),BACKING,STRAIGHT & LEVEL,DAYLIGHT,,,45904.090534919,False,SO1,Accepted,5,5,O,,,
35231033,0320000,ELLIOTT COUNTY SHERIFF DEPT.,Accepted,ELLIOTT,KY0007,,KY7,,S,,,,,,,38.083191379,-83.131600399,6.661,45870,1140,2,2,0,0,CLEAR,DRY,False,VEHICLE BACKING NON INTERSECTION,BACKING,STRAIGHT & LEVEL,DAYLIGHT,,,45904.0905676273,False,SO1,Accepted,5,5,O,,,
35231034,0320000,ELLIOTT COUNTY SHERIFF DEPT.,Accepted,ELLIOTT,KY0007,,KY7,,S,,,,,,,38.061414718,-83.180644698,3.18,45902,715,2,2,0,0,CLEAR,DRY,False,SIDESWIPE COLLISION - SAME DIRECTION,SIDESWIPE-SAME DIRECTION,STRAIGHT & LEVEL,DAYLIGHT,,,45904.0905996528,False,SO1,Accepted,5,5,O,,,
35231035,0320000,ELLIOTT COUNTY SHERIFF DEPT.,Accepted,ELLIOTT,KY0650,,WELLS CREEK,RD,,,,,,,,38.020034834,-83.161544781,0.888,45895,930,1,1,0,0,CLEAR,DRY,False,OTHER ROADWAY OR MID-BLOCK COLLISION,SINGLE VEHICLE,CURVE & LEVEL,DAYLIGHT,,,45904.0906325579,False,SO1,Accepted,5,5,O,,,
35248345,KSP0800,"KY STATE POLICE, POST 08",Accepted,ELLIOTT,,,SAND GAP,RD,,,,,,,,38.132599986,-83.203938549,2.426,45900,145,2,2,0,0,CLEAR,DRY,False,SIDESWIPE COLLISION - SAME DIRECTION,SIDESWIPE-SAME DIRECTION,STRAIGHT & LEVEL,DARK-HWY NOT LIGHTED,,,45908.4774037847,False,487,Accepted,5,5,O,,"IMPROPER PASSING, INATTENTION",
35248368,KSP0800,"KY STATE POLICE, POST 08",Accepted,ELLIOTT,,81.0,KEITH WHITLEY,BLVD,,,,,,,,38.089922038,-83.124638233,0.11,45907,1205,1,1,0,0,CLEAR,DRY,False,RAN OFF ROADWAY (1 VEHICLE WITH/EARTH EMBANKMENT/DITCH),SINGLE VEHICLE,CURVE & HILLCREST,DAYLIGHT,,,45908.4779464931,False,1002,Accepted,5,5,O,,INATTENTION,
35276250,0320000,ELLIOTT COUNTY SHERIFF DEPT.,Accepted,ELLIOTT,KY0007,1440.0,KY7,,,,,,,,,38.101940561,-83.118005074,8.394,45857,122,1,1,0,0,CLEAR,DRY,False,COLLISION WITH FIXED OBJECT NON - INTERSECTION - FIRST EVENT COLLISION 09 - 32 EXCLUDING 16,SINGLE VEHICLE,CURVE & GRADE,DARK-HWY NOT LIGHTED,,,45915.1266446412,False,SO-2,Accepted,5,5,O,,ALCOHOL INVOLVEMENT,
35277490,KSP0800,"KY STATE POLICE, POST 08",Accepted,ELLIOTT,KY3353,,HORTON FLATS,RD,,,,,,,,38.194913101,-83.031613918,0.78,45914,1929,1,1,0,0,CLEAR,DRY,True,OTHER ROADWAY OR MID-BLOCK COLLISION,SINGLE VEHICLE,STRAIGHT & GRADE,DUSK,,,45915.4002305208,False,745,Accepted,5,5,O,,,
35368569,0320000,ELLIOTT COUNTY SHERIFF DEPT.,Accepted,ELLIOTT,KY0173,,KY173,,,,,,,,,38.077194269,-83.210186959,1.462,45923,1430,2,1,0,0,CLEAR,DRY,False,SIDESWIPE COLLISION - OPPOSITE DIRECTION,SIDESWIPE-OPPOSITE DIRECTION,CURVE & HILLCREST,DAYLIGHT,,,45937.1268350347,False,SO1,Accepted,5,5,O,,,
35392809,KSP0800,"KY STATE POLICE, POST 08",Accepted,ELLIOTT,KY0032,,BROWN RIDGE,RD,,,,,,,,38.157843331,-83.217486437,0.058,45942,410,1,1,0,0,CLEAR,DRY,False,COLLISION WITH ANIMAL NON INTERSECTION,SINGLE VEHICLE,CURVE & LEVEL,DARK-HWY NOT LIGHTED,,,45943.3743807523,False,1002,Accepted,5,5,O,,INATTENTION,
35408179,KSP0800,"KY STATE POLICE, POST 08",Accepted,ELLIOTT,KY0032,,BROWN RIDGE,RD,,,,,,,,38.074109123,-83.09534003,10.954,45941,1000,1,1,0,2,CLEAR,DRY,False,OTHER COLLISIONS ON SHOULDER,SINGLE VEHICLE,STRAIGHT & LEVEL,DAYLIGHT,,,45946.3793915857,False,827,Accepted,2,2,A,,INATTENTION,
35419160,0320000,ELLIOTT COUNTY SHERIFF DEPT.,Accepted,ELLIOTT,KY1208,,LEFT FORK MIDDLE FORK,RD,,,,,,,,38.045135683,-83.095164447,1.532,45815,10,1,1,0,0,CLEAR,DRY,False,COLLISION WITH ANIMAL NON INTERSECTION,SINGLE VEHICLE,CURVE & LEVEL,DARK-HWY NOT LIGHTED,,,45949.1273143171,False,SO-2,Accepted,5,5,O,,,
35432235,KSP0800,"KY STATE POLICE, POST 08",Accepted,ELLIOTT,KY0032,,BROWN RIDGE,RD,,,,,,,,38.157821007,-83.217116916,0.074,45948,1347,1,1,0,0,CLEAR,OIL,False,OTHER ROADWAY OR MID-BLOCK COLLISION,SINGLE VEHICLE,CURVE & GRADE,DAYLIGHT,,,45952.3484721875,False,341,Accepted,5,5,O,"DEBRIS IN ROADWAY, SLIPPERY SURFACE",,
35432236,KSP0800,"KY STATE POLICE, POST 08",Accepted,ELLIOTT,KY0032,,BROWN RIDGE,RD,,,,,,,,38.145971781,-83.168563337,3.777,45950,1728,1,1,0,0,CLEAR,DRY,False,COLLISION WITH ANIMAL NON INTERSECTION,SINGLE VEHICLE,STRAIGHT & LEVEL,DAYLIGHT,,,45952.3485146991,False,745,Accepted,5,5,O,,,
35432240,KSP0800,"KY STATE POLICE, POST 08",Accepted,ELLIOTT,KY0007,,KY7,,,,,,,,,38.087121375,-83.124822645,7.118,45947,2212,2,2,0,0,CLEAR,DRY,False,1 VEHICLE PARKED POSITION (NOT PARKING LOT/DRIVEWAY),BACKING,STRAIGHT & HILLCREST,DARK-HWY LIGHTED/ON,,,45952.3486425926,False,341,Accepted,5,5,O,,"IMPROPER BACKING, OVERCORRECTING/OVERSTEERING, TURNING IMPROPERLY",
35472076,0320000,ELLIOTT COUNTY SHERIFF DEPT.,Accepted,ELLIOTT,KY1620,1413.0,KY1620,,,,,,,,,38.233190783,-83.167485992,1.824,45944,1730,2,2,0,0,CLEAR,DRY,False,SIDESWIPE COLLISION - OPPOSITE DIRECTION,SIDESWIPE-OPPOSITE DIRECTION,CURVE & LEVEL,DAYLIGHT,,,45961.6276069444,False,SO-2,Accepted,5,5,O,,,
35481091,KSP0800,"KY STATE POLICE, POST 08",Accepted,ELLIOTT,,,ELKHORN BRANCH,RD,,,,,,,,38.044915116,-83.036697403,0.132,45956,214,1,1,0,0,CLEAR,DRY,False,COLLISION WITH FIXED OBJECT NON - INTERSECTION - FIRST EVENT COLLISION 09 - 32 EXCLUDING 16,SINGLE VEHICLE,STRAIGHT & LEVEL,DARK-HWY NOT LIGHTED,,,45964.409303588,False,341,Accepted,5,5,O,,"ALCOHOL INVOLVEMENT, DISTRACTION",
35514253,0320000,ELLIOTT COUNTY SHERIFF DEPT.,Accepted,ELLIOTT,KY0504,,KY504,,,,,,,,,38.188071609,-83.102620525,10.033,45961,735,2,1,0,0,FOG,WET,False,HEAD-ON COLLISION,HEAD ON,STRAIGHT & LEVEL,DAWN,,,45972.1266295949,False,SO1,Accepted,5,5,O,GLARE (OTHER),MISJUDGE CLEARANCE,
35534957,KSP0800,"KY STATE POLICE, POST 08",Accepted,ELLIOTT,KY0007,,KY7,,N,,,,,,,38.088365101,-83.125291226,7.253,45973,1620,2,2,0,0,CLEAR,DRY,False,COLLISION WITH NON-FIXED OBJECT ,SIDESWIPE-OPPOSITE DIRECTION,STRAIGHT & GRADE,DAYLIGHT,,,45976.8985170949,False,1016,Accepted,5,5,O,,,TIRE FAILURE
35534958,KSP0800,"KY STATE POLICE, POST 08",Accepted,ELLIOTT,KY0504,,KY504,,,,,,,,,38.212954344,-83.132567047,7.426,45975,540,2,2,0,0,CLEAR,DRY,False,SIDESWIPE COLLISION - OPPOSITE DIRECTION,SIDESWIPE-OPPOSITE DIRECTION,CURVE & LEVEL,DARK (UNKNOWN ROADWAY LIGHTING),,,45976.8985548611,False,1016,Accepted,5,5,O,ANIMALS ACTION,INATTENTION,
35565241,0320000,ELLIOTT COUNTY SHERIFF DEPT.,Accepted,ELLIOTT,KY0556,,RUIN,RD,N,,,,,,,38.103790419,-83.139141121,4.89,45959,1440,2,1,0,0,RAINING,WET,False,HEAD-ON COLLISION,HEAD ON,CURVE & GRADE,DAYLIGHT,,,45984.1272596412,False,SO1,Accepted,5,5,O,,DISTRACTION,
35565244,0320000,ELLIOTT COUNTY SHERIFF DEPT.,Accepted,ELLIOTT,KY0007,,KY7,,N,,,,,,,38.08769989,-83.12423247,7.179,45971,1500,2,1,0,0,SNOWING,WET,False,SIDESWIPE COLLISION - OPPOSITE DIRECTION,SIDESWIPE-OPPOSITE DIRECTION,STRAIGHT & GRADE,DAYLIGHT,,,45984.1272983449,False,SO1,Accepted,5,5,O,,FAILED TO YIELD RIGHT OF WAY,
35573726,0320000,ELLIOTT COUNTY SHERIFF DEPT.,Accepted,ELLIOTT,,,THE PEN,RD,,,,,,,,38.076777619,-83.233882477,,45973,1500,2,1,0,0,CLEAR,GRAVEL,False,1 VEHICLE PARKED POSITION (NOT PARKING LOT/DRIVEWAY),BACKING,STRAIGHT & LEVEL,DAYLIGHT,,,45986.1306276273,False,SO1,Accepted,5,5,O,,,
35575324,KSP0800,"KY STATE POLICE, POST 08",Accepted,ELLIOTT,,395.0,D LEWIS,RD,,,,,,,,38.149577913,-83.019468294,0.416,45977,2025,1,1,0,1,CLEAR,GRAVEL,False,OTHER ROADWAY OR MID-BLOCK COLLISION,SINGLE VEHICLE,CURVE & GRADE,DARK-HWY NOT LIGHTED,,,45986.5324382755,False,745,Accepted,5,4,C,SHOULDERS DEFECTIVE/DROP-OFF,,
35575382,KSP0800,"KY STATE POLICE, POST 08",Accepted,ELLIOTT,,2306.0,HAMILTON BRANCH,RD,,,,,,,,38.125658152,-82.964194415,0.263,45982,1515,2,2,0,0,RAINING,WET,True,SIDESWIPE COLLISION - OPPOSITE DIRECTION,SIDESWIPE-OPPOSITE DIRECTION,STRAIGHT & HILLCREST,DAYLIGHT,,,45986.5495620023,False,1016,Accepted,5,5,O,,TOO FAST FOR CONDITIONS,
35575387,KSP0800,"KY STATE POLICE, POST 08",Accepted,ELLIOTT,KY0504,,KY504,,,,,,,,,38.166647765,-83.08978693,11.781,45983,1958,1,1,0,0,FOG,DRY,False,COLLISION WITH FIXED OBJECT NON - INTERSECTION - FIRST EVENT COLLISION 09 - 32 EXCLUDING 16,SINGLE VEHICLE,STRAIGHT & GRADE,DARK-HWY NOT LIGHTED,,,45986.5497929398,False,341,Accepted,5,5,O,ANIMALS ACTION,NOT UNDER PROPER CONTROL,
35615553,0320000,ELLIOTT COUNTY SHERIFF DEPT.,Accepted,ELLIOTT,KY0007,,KY7,,,KY0557,FANNIN,,,,,38.106469763,-83.118899872,8.718,45974,1916,2,1,0,0,CLEAR,DRY,False,ANGLE COLLISION - OTHER,ANGLE,STRAIGHT & LEVEL,DARK-HWY NOT LIGHTED,,,45997.1265447569,False,SO-2,Accepted,5,5,O,,"NOT UNDER PROPER CONTROL, TURNING IMPROPERLY",
35622362,KSP0800,"KY STATE POLICE, POST 08",Accepted,ELLIOTT,KY0173,,KY173,,,,,,,,,38.109917597,-83.244008914,5.301,45995,500,1,1,0,0,CLOUDY,DRY,False,COLLISION WITH ANIMAL NON INTERSECTION,SINGLE VEHICLE,STRAIGHT & LEVEL,DARK-HWY NOT LIGHTED,,,45999.4703297106,False,339,Accepted,5,5,O,ANIMALS ACTION,,
35645045,0320000,ELLIOTT COUNTY SHERIFF DEPT.,Accepted,ELLIOTT,KY0007,,KY7,,,,,,,,,38.203598161,-83.013875451,18.351,45994,840,1,1,0,0,CLOUDY,DRY,False,COLLISION WITH FIXED OBJECT NON - INTERSECTION - FIRST EVENT COLLISION 09 - 32 EXCLUDING 16,SINGLE VEHICLE,CURVE & GRADE,DAWN,,,46005.1269916319,False,SO1,Accepted,5,5,O,CONSTRUCTION WORK ZONE,INATTENTION,
35657388,0320000,ELLIOTT COUNTY SHERIFF DEPT.,Accepted,ELLIOTT,KY0556,2594.0,RUIN,RD,N,,,,,,,38.107785249,-83.152120729,4.076,45993,1726,1,1,0,0,CLEAR,DRY,False,RAN OFF ROADWAY (1 VEHICLE WITH/EARTH EMBANKMENT/DITCH),SINGLE VEHICLE,STRAIGHT & LEVEL,DARK-HWY NOT LIGHTED,,,46008.1263121181,False,SO-2,Accepted,5,5,O,,NOT UNDER PROPER CONTROL,STEERING FAILURE
35678652,KSP0800,"KY STATE POLICE, POST 08",Accepted,ELLIOTT,KY0007,,KY7,,S,,,,,,,38.066546318,-83.168752837,3.984,46008,1917,1,1,0,0,CLEAR,DRY,False,OTHER ROADWAY OR MID-BLOCK COLLISION,SINGLE VEHICLE,CURVE & LEVEL,DARK-HWY NOT LIGHTED,,,46013.5982783218,False,1016,Accepted,5,5,O,,ALCOHOL INVOLVEMENT,
35678655,KSP0800,"KY STATE POLICE, POST 08",Accepted,ELLIOTT,KY0007,,KY7,,S,,,,,,,38.08237094,-83.137909715,6.283,45966,1532,2,2,0,2,CLEAR,DRY,False,HEAD-ON COLLISION,HEAD ON,CURVE & LEVEL,DAYLIGHT,,,46013.5983170486,False,827,Accepted,5,2,A,,"ALCOHOL INVOLVEMENT, INATTENTION",
35810348,0320000,ELLIOTT COUNTY SHERIFF DEPT.,Accepted,ELLIOTT,,,PRISON CONN,,,,,,,,,38.133974432,-83.076452791,0.482,46020,925,2,1,0,0,CLEAR,DRY,False,1 VEHICLE PARKED POSITION (NOT PARKING LOT/DRIVEWAY),SIDESWIPE-SAME DIRECTION,STRAIGHT & LEVEL,DAYLIGHT,,,46049.1269654745,False,SO1,Accepted,5,5,O,,,
